#
# There is insufficient memory for the Java Runtime Environment to continue.
# Native memory allocation (malloc) failed to allocate 293696 bytes for Chunk::new
# Possible reasons:
#   The system is out of physical RAM or swap space
#   The process is running with CompressedOops enabled, and the Java Heap may be blocking the growth of the native heap
# Possible solutions:
#   Reduce memory load on the system
#   Increase physical memory or swap space
#   Check if swap backing store is full
#   Decrease Java heap size (-Xmx/-Xms)
#   Decrease number of Java threads
#   Decrease Java thread stack sizes (-Xss)
#   Set larger code cache with -XX:ReservedCodeCacheSize=
#   JVM is running with Unscaled Compressed Oops mode in which the Java heap is
#     placed in the first 4GB address space. The Java Heap base address is the
#     maximum limit for the native heap growth. Please use -XX:HeapBaseMinAddress
#     to set the Java Heap base and to place the Java Heap above 4GB virtual address.
# This output file may be truncated or incomplete.
#
#  Out of Memory Error (arena.cpp:168), pid=4896, tid=15648
#
# JRE version: Java(TM) SE Runtime Environment (21.0.9+7) (build 21.0.9+7-LTS-338)
# Java VM: Java HotSpot(TM) 64-Bit Server VM (21.0.9+7-LTS-338, mixed mode, sharing, tiered, compressed oops, compressed class ptrs, g1 gc, windows-amd64)
# No core dump will be written. Minidumps are not enabled by default on client versions of Windows
#

---------------  S U M M A R Y ------------

Command Line: -Ddebugger.agent.enable.coroutines=true -Ddebugger.async.stack.trace.for.all.threads=true -Dkotlinx.coroutines.debug.enable.creation.stack.trace=false -Dkotlinx.coroutines.debug.enable.flows.stack.trace=true -Dkotlinx.coroutines.debug.enable.mutable.state.flows.stack.trace=true -Dorg.gradle.internal.worker.tmpdir=D:\IdeaProjects\innowise\payment-system\core-user-service\build\tmp\test\work -agentlib:jdwp=transport=dt_socket,server=n,suspend=y,address=127.0.0.1:54427 -javaagent:C:\Users\Admin\AppData\Local\JetBrains\IntelliJIdea2025.3\captureAgent\debugger-agent.jar=file:///C:/Users/Admin/AppData/Local/Temp/capture17425405882837675456.props -Xmx512m -Dfile.encoding=UTF-8 -Duser.country=RU -Duser.language=ru -Duser.variant -ea worker.org.gradle.process.internal.worker.GradleWorkerMain 'Gradle Test Executor 1'

Host: Intel(R) Core(TM) i7-8750H CPU @ 2.20GHz, 12 cores, 15G,  Windows 10 , 64 bit Build 19041 (10.0.19041.5915)
Time: Wed Aug 12 13:30:48 2026 elapsed time: 0.954286 seconds (0d 0h 0m 0s)

---------------  T H R E A D  ---------------

Current thread (0x0000024cff555130):  JavaThread "C2 CompilerThread1" daemon [_thread_in_native, id=15648, stack(0x000000c92ff00000,0x000000c930000000) (1024K)]


Current CompileTask:
C2:    954 1656       4       jdk.internal.loader.URLClassPath::getResource (74 bytes)

Stack: [0x000000c92ff00000,0x000000c930000000]
Native frames: (J=compiled Java code, j=interpreted, Vv=VM code, C=native code)
V  [jvm.dll+0x6cbf89]
V  [jvm.dll+0x858421]
V  [jvm.dll+0x85a94e]
V  [jvm.dll+0x85b023]
V  [jvm.dll+0x27ebc6]
V  [jvm.dll+0xc4f4d]
V  [jvm.dll+0xc5483]
V  [jvm.dll+0x2f1f8d]
V  [jvm.dll+0x5f6cea]
V  [jvm.dll+0x2506d2]
V  [jvm.dll+0x248d54]
V  [jvm.dll+0x246b14]
V  [jvm.dll+0x1c7a3e]
V  [jvm.dll+0x256329]
V  [jvm.dll+0x2548ba]
V  [jvm.dll+0x3efdee]
V  [jvm.dll+0x80265b]
V  [jvm.dll+0x6ca66d]
C  [ucrtbase.dll+0x21bb2]
C  [KERNEL32.DLL+0x17374]
C  [ntdll.dll+0x4cc91]


---------------  P R O C E S S  ---------------

Threads class SMR info:
_java_thread_list=0x0000024cc1a83f10, length=20, elements={
0x0000024cddcccc00, 0x0000024cfaf06e00, 0x0000024cfaf07d20, 0x0000024cfaf0a290,
0x0000024cfaf0d5a0, 0x0000024cfaf0e000, 0x0000024cff110080, 0x0000024cff1115b0,
0x0000024cff116810, 0x0000024cff391c60, 0x0000024cff392910, 0x0000024cff3fc830,
0x0000024cff3fe2f0, 0x0000024cff3e4e30, 0x0000024cff4678e0, 0x0000024cff555130,
0x0000024cff560f80, 0x0000024cc1979b60, 0x0000024cc197bc30, 0x0000024cc197c2c0
}

Java Threads: ( => current thread )
  0x0000024cddcccc00 JavaThread "Test worker"                       [_thread_in_native, id=9408, stack(0x000000c92e900000,0x000000c92ea00000) (1024K)]
  0x0000024cfaf06e00 JavaThread "Reference Handler"          daemon [_thread_blocked, id=8108, stack(0x000000c92f100000,0x000000c92f200000) (1024K)]
  0x0000024cfaf07d20 JavaThread "Finalizer"                  daemon [_thread_blocked, id=15712, stack(0x000000c92f200000,0x000000c92f300000) (1024K)]
  0x0000024cfaf0a290 JavaThread "Signal Dispatcher"          daemon [_thread_blocked, id=16036, stack(0x000000c92f300000,0x000000c92f400000) (1024K)]
  0x0000024cfaf0d5a0 JavaThread "Attach Listener"            daemon [_thread_blocked, id=9004, stack(0x000000c92f400000,0x000000c92f500000) (1024K)]
  0x0000024cfaf0e000 JavaThread "Service Thread"             daemon [_thread_blocked, id=9856, stack(0x000000c92f500000,0x000000c92f600000) (1024K)]
  0x0000024cff110080 JavaThread "Monitor Deflation Thread"   daemon [_thread_blocked, id=15652, stack(0x000000c92f600000,0x000000c92f700000) (1024K)]
  0x0000024cff1115b0 JavaThread "C2 CompilerThread0"         daemon [_thread_in_native, id=13532, stack(0x000000c92f700000,0x000000c92f800000) (1024K)]
  0x0000024cff116810 JavaThread "C1 CompilerThread0"         daemon [_thread_blocked, id=13188, stack(0x000000c92f800000,0x000000c92f900000) (1024K)]
  0x0000024cff391c60 JavaThread "JDWP Transport Listener: dt_socket" daemon [_thread_blocked, id=16344, stack(0x000000c92f900000,0x000000c92fa00000) (1024K)]
  0x0000024cff392910 JavaThread "JDWP Event Helper Thread"   daemon [_thread_blocked, id=16164, stack(0x000000c92fa00000,0x000000c92fb00000) (1024K)]
  0x0000024cff3fc830 JavaThread "JDWP Command Reader"        daemon [_thread_in_native, id=15748, stack(0x000000c92fb00000,0x000000c92fc00000) (1024K)]
  0x0000024cff3fe2f0 JavaThread "Common-Cleaner"             daemon [_thread_blocked, id=12704, stack(0x000000c92fc00000,0x000000c92fd00000) (1024K)]
  0x0000024cff3e4e30 JavaThread "IntelliJ Suspend Helper"    daemon [_thread_blocked, id=13796, stack(0x000000c92fd00000,0x000000c92fe00000) (1024K)]
  0x0000024cff4678e0 JavaThread "Notification Thread"        daemon [_thread_blocked, id=8496, stack(0x000000c92fe00000,0x000000c92ff00000) (1024K)]
=>0x0000024cff555130 JavaThread "C2 CompilerThread1"         daemon [_thread_in_native, id=15648, stack(0x000000c92ff00000,0x000000c930000000) (1024K)]
  0x0000024cff560f80 JavaThread "C2 CompilerThread2"         daemon [_thread_blocked, id=15352, stack(0x000000c930000000,0x000000c930100000) (1024K)]
  0x0000024cc1979b60 JavaThread "/127.0.0.1:54431 to /127.0.0.1:54429 workers"        [_thread_blocked, id=2812, stack(0x000000c930b00000,0x000000c930c00000) (1024K)]
  0x0000024cc197bc30 JavaThread "/127.0.0.1:54431 to /127.0.0.1:54429 workers Thread 2"        [_thread_blocked, id=13504, stack(0x000000c930c00000,0x000000c930d00000) (1024K)]
  0x0000024cc197c2c0 JavaThread "/127.0.0.1:54431 to /127.0.0.1:54429 workers Thread 3"        [_thread_in_native, id=14768, stack(0x000000c930d00000,0x000000c930e00000) (1024K)]
Total: 20

Other Threads:
  0x0000024cfaeee460 VMThread "VM Thread"                           [id=10732, stack(0x000000c92f000000,0x000000c92f100000) (1024K)]
  0x0000024cddcbf450 WatcherThread "VM Periodic Task Thread"        [id=13036, stack(0x000000c92ef00000,0x000000c92f000000) (1024K)]
  0x0000024cdfeaeef0 WorkerThread "GC Thread#0"                     [id=8880, stack(0x000000c92ea00000,0x000000c92eb00000) (1024K)]
  0x0000024cc1545210 WorkerThread "GC Thread#1"                     [id=14360, stack(0x000000c930100000,0x000000c930200000) (1024K)]
  0x0000024cc1547370 WorkerThread "GC Thread#2"                     [id=7832, stack(0x000000c930200000,0x000000c930300000) (1024K)]
  0x0000024cc1551ac0 WorkerThread "GC Thread#3"                     [id=8436, stack(0x000000c930300000,0x000000c930400000) (1024K)]
  0x0000024cc1566d50 WorkerThread "GC Thread#4"                     [id=3604, stack(0x000000c930400000,0x000000c930500000) (1024K)]
  0x0000024cc1567100 WorkerThread "GC Thread#5"                     [id=15412, stack(0x000000c930500000,0x000000c930600000) (1024K)]
  0x0000024cc1596af0 WorkerThread "GC Thread#6"                     [id=6268, stack(0x000000c930600000,0x000000c930700000) (1024K)]
  0x0000024cc1597600 WorkerThread "GC Thread#7"                     [id=1244, stack(0x000000c930700000,0x000000c930800000) (1024K)]
  0x0000024cc1597250 WorkerThread "GC Thread#8"                     [id=15876, stack(0x000000c930800000,0x000000c930900000) (1024K)]
  0x0000024cc1596ea0 WorkerThread "GC Thread#9"                     [id=3040, stack(0x000000c930900000,0x000000c930a00000) (1024K)]
  0x0000024cdfeb3df0 ConcurrentGCThread "G1 Main Marker"            [id=16120, stack(0x000000c92eb00000,0x000000c92ec00000) (1024K)]
  0x0000024cdfeb49c0 WorkerThread "G1 Conc#0"                       [id=8592, stack(0x000000c92ec00000,0x000000c92ed00000) (1024K)]
  0x0000024cdff3ea50 ConcurrentGCThread "G1 Refine#0"               [id=16364, stack(0x000000c92ed00000,0x000000c92ee00000) (1024K)]
  0x0000024cfadb07a0 ConcurrentGCThread "G1 Service"                [id=2688, stack(0x000000c92ee00000,0x000000c92ef00000) (1024K)]
Total: 16

Threads with active compile tasks:
C2 CompilerThread0      975 1678       4       jdk.internal.org.objectweb.asm.Frame::execute (2305 bytes)
C2 CompilerThread1      975 1656       4       jdk.internal.loader.URLClassPath::getResource (74 bytes)
Total: 2

VM state: not at safepoint (normal execution)

VM Mutex/Monitor currently owned by a thread: None

Heap address: 0x00000000e0000000, size: 512 MB, Compressed Oops mode: 32-bit

CDS archive(s) mapped at: [0x0000024c80000000-0x0000024c80c90000-0x0000024c80c90000), size 13172736, SharedBaseAddress: 0x0000024c80000000, ArchiveRelocationMode: 1.
Compressed class space mapped at: 0x0000024c81000000-0x0000024cc1000000, reserved size: 1073741824
Narrow klass base: 0x0000024c80000000, Narrow klass shift: 0, Narrow klass range: 0x100000000

GC Precious Log:
 CardTable entry size: 512
 Card Set container configuration: InlinePtr #cards 5 size 8 Array Of Cards #cards 12 size 40 Howl #buckets 4 coarsen threshold 1843 Howl Bitmap #cards 512 size 80 coarsen threshold 460 Card regions per heap region 1 cards per card region 2048
 CPUs: 12 total, 12 available
 Memory: 16226M
 Large Page Support: Disabled
 NUMA Support: Disabled
 Compressed Oops: Enabled (32-bit)
 Heap Region Size: 1M
 Heap Min Capacity: 8M
 Heap Initial Capacity: 254M
 Heap Max Capacity: 512M
 Pre-touch: Disabled
 Parallel Workers: 10
 Concurrent Workers: 3
 Concurrent Refinement Workers: 10
 Periodic GC: Disabled

Heap:
 garbage-first heap   total 260096K, used 33551K [0x00000000e0000000, 0x0000000100000000)
  region size 1024K, 25 young (25600K), 3 survivors (3072K)
 Metaspace       used 13247K, committed 13440K, reserved 1114112K
  class space    used 1442K, committed 1536K, reserved 1048576K

Heap Regions: E=young(eden), S=young(survivor), O=old, HS=humongous(starts), HC=humongous(continues), CS=collection set, F=free, TAMS=top-at-mark-start, PB=parsable bottom
|   0|0x00000000e0000000, 0x00000000e0100000, 0x00000000e0100000|100%|HS|  |TAMS 0x00000000e0000000| PB 0x00000000e0000000| Complete 
|   1|0x00000000e0100000, 0x00000000e0200000, 0x00000000e0200000|100%|HS|  |TAMS 0x00000000e0100000| PB 0x00000000e0100000| Complete 
|   2|0x00000000e0200000, 0x00000000e0300000, 0x00000000e0300000|100%|HC|  |TAMS 0x00000000e0200000| PB 0x00000000e0200000| Complete 
|   3|0x00000000e0300000, 0x00000000e0400000, 0x00000000e0400000|100%|HS|  |TAMS 0x00000000e0300000| PB 0x00000000e0300000| Complete 
|   4|0x00000000e0400000, 0x00000000e0500000, 0x00000000e0500000|100%| O|  |TAMS 0x00000000e0400000| PB 0x00000000e0400000| Untracked 
|   5|0x00000000e0500000, 0x00000000e0600000, 0x00000000e0600000|100%| O|  |TAMS 0x00000000e0500000| PB 0x00000000e0500000| Untracked 
|   6|0x00000000e0600000, 0x00000000e0700000, 0x00000000e0700000|100%| O|  |TAMS 0x00000000e0600000| PB 0x00000000e0600000| Untracked 
|   7|0x00000000e0700000, 0x00000000e0800000, 0x00000000e0800000|100%| O|  |TAMS 0x00000000e0700000| PB 0x00000000e0700000| Untracked 
|   8|0x00000000e0800000, 0x00000000e0900000, 0x00000000e0900000|100%| O|  |TAMS 0x00000000e0800000| PB 0x00000000e0800000| Untracked 
|   9|0x00000000e0900000, 0x00000000e09c3d18, 0x00000000e0a00000| 76%| O|  |TAMS 0x00000000e0900000| PB 0x00000000e0900000| Untracked 
|  10|0x00000000e0a00000, 0x00000000e0a00000, 0x00000000e0b00000|  0%| F|  |TAMS 0x00000000e0a00000| PB 0x00000000e0a00000| Untracked 
|  11|0x00000000e0b00000, 0x00000000e0b00000, 0x00000000e0c00000|  0%| F|  |TAMS 0x00000000e0b00000| PB 0x00000000e0b00000| Untracked 
|  12|0x00000000e0c00000, 0x00000000e0c00000, 0x00000000e0d00000|  0%| F|  |TAMS 0x00000000e0c00000| PB 0x00000000e0c00000| Untracked 
|  13|0x00000000e0d00000, 0x00000000e0d00000, 0x00000000e0e00000|  0%| F|  |TAMS 0x00000000e0d00000| PB 0x00000000e0d00000| Untracked 
|  14|0x00000000e0e00000, 0x00000000e0e00000, 0x00000000e0f00000|  0%| F|  |TAMS 0x00000000e0e00000| PB 0x00000000e0e00000| Untracked 
|  15|0x00000000e0f00000, 0x00000000e0f00000, 0x00000000e1000000|  0%| F|  |TAMS 0x00000000e0f00000| PB 0x00000000e0f00000| Untracked 
|  16|0x00000000e1000000, 0x00000000e1000000, 0x00000000e1100000|  0%| F|  |TAMS 0x00000000e1000000| PB 0x00000000e1000000| Untracked 
|  17|0x00000000e1100000, 0x00000000e1100000, 0x00000000e1200000|  0%| F|  |TAMS 0x00000000e1100000| PB 0x00000000e1100000| Untracked 
|  18|0x00000000e1200000, 0x00000000e1200000, 0x00000000e1300000|  0%| F|  |TAMS 0x00000000e1200000| PB 0x00000000e1200000| Untracked 
|  19|0x00000000e1300000, 0x00000000e1300000, 0x00000000e1400000|  0%| F|  |TAMS 0x00000000e1300000| PB 0x00000000e1300000| Untracked 
|  20|0x00000000e1400000, 0x00000000e1400000, 0x00000000e1500000|  0%| F|  |TAMS 0x00000000e1400000| PB 0x00000000e1400000| Untracked 
|  21|0x00000000e1500000, 0x00000000e1500000, 0x00000000e1600000|  0%| F|  |TAMS 0x00000000e1500000| PB 0x00000000e1500000| Untracked 
|  22|0x00000000e1600000, 0x00000000e1600000, 0x00000000e1700000|  0%| F|  |TAMS 0x00000000e1600000| PB 0x00000000e1600000| Untracked 
|  23|0x00000000e1700000, 0x00000000e1700000, 0x00000000e1800000|  0%| F|  |TAMS 0x00000000e1700000| PB 0x00000000e1700000| Untracked 
|  24|0x00000000e1800000, 0x00000000e1800000, 0x00000000e1900000|  0%| F|  |TAMS 0x00000000e1800000| PB 0x00000000e1800000| Untracked 
|  25|0x00000000e1900000, 0x00000000e1900000, 0x00000000e1a00000|  0%| F|  |TAMS 0x00000000e1900000| PB 0x00000000e1900000| Untracked 
|  26|0x00000000e1a00000, 0x00000000e1a00000, 0x00000000e1b00000|  0%| F|  |TAMS 0x00000000e1a00000| PB 0x00000000e1a00000| Untracked 
|  27|0x00000000e1b00000, 0x00000000e1b00000, 0x00000000e1c00000|  0%| F|  |TAMS 0x00000000e1b00000| PB 0x00000000e1b00000| Untracked 
|  28|0x00000000e1c00000, 0x00000000e1c00000, 0x00000000e1d00000|  0%| F|  |TAMS 0x00000000e1c00000| PB 0x00000000e1c00000| Untracked 
|  29|0x00000000e1d00000, 0x00000000e1d00000, 0x00000000e1e00000|  0%| F|  |TAMS 0x00000000e1d00000| PB 0x00000000e1d00000| Untracked 
|  30|0x00000000e1e00000, 0x00000000e1e00000, 0x00000000e1f00000|  0%| F|  |TAMS 0x00000000e1e00000| PB 0x00000000e1e00000| Untracked 
|  31|0x00000000e1f00000, 0x00000000e1f00000, 0x00000000e2000000|  0%| F|  |TAMS 0x00000000e1f00000| PB 0x00000000e1f00000| Untracked 
|  32|0x00000000e2000000, 0x00000000e2000000, 0x00000000e2100000|  0%| F|  |TAMS 0x00000000e2000000| PB 0x00000000e2000000| Untracked 
|  33|0x00000000e2100000, 0x00000000e2100000, 0x00000000e2200000|  0%| F|  |TAMS 0x00000000e2100000| PB 0x00000000e2100000| Untracked 
|  34|0x00000000e2200000, 0x00000000e2200000, 0x00000000e2300000|  0%| F|  |TAMS 0x00000000e2200000| PB 0x00000000e2200000| Untracked 
|  35|0x00000000e2300000, 0x00000000e2300000, 0x00000000e2400000|  0%| F|  |TAMS 0x00000000e2300000| PB 0x00000000e2300000| Untracked 
|  36|0x00000000e2400000, 0x00000000e2400000, 0x00000000e2500000|  0%| F|  |TAMS 0x00000000e2400000| PB 0x00000000e2400000| Untracked 
|  37|0x00000000e2500000, 0x00000000e2500000, 0x00000000e2600000|  0%| F|  |TAMS 0x00000000e2500000| PB 0x00000000e2500000| Untracked 
|  38|0x00000000e2600000, 0x00000000e2600000, 0x00000000e2700000|  0%| F|  |TAMS 0x00000000e2600000| PB 0x00000000e2600000| Untracked 
|  39|0x00000000e2700000, 0x00000000e2700000, 0x00000000e2800000|  0%| F|  |TAMS 0x00000000e2700000| PB 0x00000000e2700000| Untracked 
|  40|0x00000000e2800000, 0x00000000e2800000, 0x00000000e2900000|  0%| F|  |TAMS 0x00000000e2800000| PB 0x00000000e2800000| Untracked 
|  41|0x00000000e2900000, 0x00000000e2900000, 0x00000000e2a00000|  0%| F|  |TAMS 0x00000000e2900000| PB 0x00000000e2900000| Untracked 
|  42|0x00000000e2a00000, 0x00000000e2a00000, 0x00000000e2b00000|  0%| F|  |TAMS 0x00000000e2a00000| PB 0x00000000e2a00000| Untracked 
|  43|0x00000000e2b00000, 0x00000000e2b00000, 0x00000000e2c00000|  0%| F|  |TAMS 0x00000000e2b00000| PB 0x00000000e2b00000| Untracked 
|  44|0x00000000e2c00000, 0x00000000e2c00000, 0x00000000e2d00000|  0%| F|  |TAMS 0x00000000e2c00000| PB 0x00000000e2c00000| Untracked 
|  45|0x00000000e2d00000, 0x00000000e2d00000, 0x00000000e2e00000|  0%| F|  |TAMS 0x00000000e2d00000| PB 0x00000000e2d00000| Untracked 
|  46|0x00000000e2e00000, 0x00000000e2e00000, 0x00000000e2f00000|  0%| F|  |TAMS 0x00000000e2e00000| PB 0x00000000e2e00000| Untracked 
|  47|0x00000000e2f00000, 0x00000000e2f00000, 0x00000000e3000000|  0%| F|  |TAMS 0x00000000e2f00000| PB 0x00000000e2f00000| Untracked 
|  48|0x00000000e3000000, 0x00000000e3000000, 0x00000000e3100000|  0%| F|  |TAMS 0x00000000e3000000| PB 0x00000000e3000000| Untracked 
|  49|0x00000000e3100000, 0x00000000e3100000, 0x00000000e3200000|  0%| F|  |TAMS 0x00000000e3100000| PB 0x00000000e3100000| Untracked 
|  50|0x00000000e3200000, 0x00000000e3200000, 0x00000000e3300000|  0%| F|  |TAMS 0x00000000e3200000| PB 0x00000000e3200000| Untracked 
|  51|0x00000000e3300000, 0x00000000e3300000, 0x00000000e3400000|  0%| F|  |TAMS 0x00000000e3300000| PB 0x00000000e3300000| Untracked 
|  52|0x00000000e3400000, 0x00000000e3400000, 0x00000000e3500000|  0%| F|  |TAMS 0x00000000e3400000| PB 0x00000000e3400000| Untracked 
|  53|0x00000000e3500000, 0x00000000e3500000, 0x00000000e3600000|  0%| F|  |TAMS 0x00000000e3500000| PB 0x00000000e3500000| Untracked 
|  54|0x00000000e3600000, 0x00000000e3600000, 0x00000000e3700000|  0%| F|  |TAMS 0x00000000e3600000| PB 0x00000000e3600000| Untracked 
|  55|0x00000000e3700000, 0x00000000e3700000, 0x00000000e3800000|  0%| F|  |TAMS 0x00000000e3700000| PB 0x00000000e3700000| Untracked 
|  56|0x00000000e3800000, 0x00000000e3800000, 0x00000000e3900000|  0%| F|  |TAMS 0x00000000e3800000| PB 0x00000000e3800000| Untracked 
|  57|0x00000000e3900000, 0x00000000e3900000, 0x00000000e3a00000|  0%| F|  |TAMS 0x00000000e3900000| PB 0x00000000e3900000| Untracked 
|  58|0x00000000e3a00000, 0x00000000e3a00000, 0x00000000e3b00000|  0%| F|  |TAMS 0x00000000e3a00000| PB 0x00000000e3a00000| Untracked 
|  59|0x00000000e3b00000, 0x00000000e3b00000, 0x00000000e3c00000|  0%| F|  |TAMS 0x00000000e3b00000| PB 0x00000000e3b00000| Untracked 
|  60|0x00000000e3c00000, 0x00000000e3c00000, 0x00000000e3d00000|  0%| F|  |TAMS 0x00000000e3c00000| PB 0x00000000e3c00000| Untracked 
|  61|0x00000000e3d00000, 0x00000000e3d00000, 0x00000000e3e00000|  0%| F|  |TAMS 0x00000000e3d00000| PB 0x00000000e3d00000| Untracked 
|  62|0x00000000e3e00000, 0x00000000e3e00000, 0x00000000e3f00000|  0%| F|  |TAMS 0x00000000e3e00000| PB 0x00000000e3e00000| Untracked 
|  63|0x00000000e3f00000, 0x00000000e3f00000, 0x00000000e4000000|  0%| F|  |TAMS 0x00000000e3f00000| PB 0x00000000e3f00000| Untracked 
|  64|0x00000000e4000000, 0x00000000e4000000, 0x00000000e4100000|  0%| F|  |TAMS 0x00000000e4000000| PB 0x00000000e4000000| Untracked 
|  65|0x00000000e4100000, 0x00000000e4100000, 0x00000000e4200000|  0%| F|  |TAMS 0x00000000e4100000| PB 0x00000000e4100000| Untracked 
|  66|0x00000000e4200000, 0x00000000e4200000, 0x00000000e4300000|  0%| F|  |TAMS 0x00000000e4200000| PB 0x00000000e4200000| Untracked 
|  67|0x00000000e4300000, 0x00000000e4300000, 0x00000000e4400000|  0%| F|  |TAMS 0x00000000e4300000| PB 0x00000000e4300000| Untracked 
|  68|0x00000000e4400000, 0x00000000e4400000, 0x00000000e4500000|  0%| F|  |TAMS 0x00000000e4400000| PB 0x00000000e4400000| Untracked 
|  69|0x00000000e4500000, 0x00000000e4500000, 0x00000000e4600000|  0%| F|  |TAMS 0x00000000e4500000| PB 0x00000000e4500000| Untracked 
|  70|0x00000000e4600000, 0x00000000e4600000, 0x00000000e4700000|  0%| F|  |TAMS 0x00000000e4600000| PB 0x00000000e4600000| Untracked 
|  71|0x00000000e4700000, 0x00000000e4700000, 0x00000000e4800000|  0%| F|  |TAMS 0x00000000e4700000| PB 0x00000000e4700000| Untracked 
|  72|0x00000000e4800000, 0x00000000e4800000, 0x00000000e4900000|  0%| F|  |TAMS 0x00000000e4800000| PB 0x00000000e4800000| Untracked 
|  73|0x00000000e4900000, 0x00000000e4900000, 0x00000000e4a00000|  0%| F|  |TAMS 0x00000000e4900000| PB 0x00000000e4900000| Untracked 
|  74|0x00000000e4a00000, 0x00000000e4a00000, 0x00000000e4b00000|  0%| F|  |TAMS 0x00000000e4a00000| PB 0x00000000e4a00000| Untracked 
|  75|0x00000000e4b00000, 0x00000000e4b00000, 0x00000000e4c00000|  0%| F|  |TAMS 0x00000000e4b00000| PB 0x00000000e4b00000| Untracked 
|  76|0x00000000e4c00000, 0x00000000e4c00000, 0x00000000e4d00000|  0%| F|  |TAMS 0x00000000e4c00000| PB 0x00000000e4c00000| Untracked 
|  77|0x00000000e4d00000, 0x00000000e4d00000, 0x00000000e4e00000|  0%| F|  |TAMS 0x00000000e4d00000| PB 0x00000000e4d00000| Untracked 
|  78|0x00000000e4e00000, 0x00000000e4e00000, 0x00000000e4f00000|  0%| F|  |TAMS 0x00000000e4e00000| PB 0x00000000e4e00000| Untracked 
|  79|0x00000000e4f00000, 0x00000000e4f00000, 0x00000000e5000000|  0%| F|  |TAMS 0x00000000e4f00000| PB 0x00000000e4f00000| Untracked 
|  80|0x00000000e5000000, 0x00000000e5000000, 0x00000000e5100000|  0%| F|  |TAMS 0x00000000e5000000| PB 0x00000000e5000000| Untracked 
|  81|0x00000000e5100000, 0x00000000e5100000, 0x00000000e5200000|  0%| F|  |TAMS 0x00000000e5100000| PB 0x00000000e5100000| Untracked 
|  82|0x00000000e5200000, 0x00000000e5200000, 0x00000000e5300000|  0%| F|  |TAMS 0x00000000e5200000| PB 0x00000000e5200000| Untracked 
|  83|0x00000000e5300000, 0x00000000e5300000, 0x00000000e5400000|  0%| F|  |TAMS 0x00000000e5300000| PB 0x00000000e5300000| Untracked 
|  84|0x00000000e5400000, 0x00000000e5400000, 0x00000000e5500000|  0%| F|  |TAMS 0x00000000e5400000| PB 0x00000000e5400000| Untracked 
|  85|0x00000000e5500000, 0x00000000e5500000, 0x00000000e5600000|  0%| F|  |TAMS 0x00000000e5500000| PB 0x00000000e5500000| Untracked 
|  86|0x00000000e5600000, 0x00000000e5600000, 0x00000000e5700000|  0%| F|  |TAMS 0x00000000e5600000| PB 0x00000000e5600000| Untracked 
|  87|0x00000000e5700000, 0x00000000e5700000, 0x00000000e5800000|  0%| F|  |TAMS 0x00000000e5700000| PB 0x00000000e5700000| Untracked 
|  88|0x00000000e5800000, 0x00000000e5800000, 0x00000000e5900000|  0%| F|  |TAMS 0x00000000e5800000| PB 0x00000000e5800000| Untracked 
|  89|0x00000000e5900000, 0x00000000e5900000, 0x00000000e5a00000|  0%| F|  |TAMS 0x00000000e5900000| PB 0x00000000e5900000| Untracked 
|  90|0x00000000e5a00000, 0x00000000e5a00000, 0x00000000e5b00000|  0%| F|  |TAMS 0x00000000e5a00000| PB 0x00000000e5a00000| Untracked 
|  91|0x00000000e5b00000, 0x00000000e5b00000, 0x00000000e5c00000|  0%| F|  |TAMS 0x00000000e5b00000| PB 0x00000000e5b00000| Untracked 
|  92|0x00000000e5c00000, 0x00000000e5c00000, 0x00000000e5d00000|  0%| F|  |TAMS 0x00000000e5c00000| PB 0x00000000e5c00000| Untracked 
|  93|0x00000000e5d00000, 0x00000000e5d00000, 0x00000000e5e00000|  0%| F|  |TAMS 0x00000000e5d00000| PB 0x00000000e5d00000| Untracked 
|  94|0x00000000e5e00000, 0x00000000e5e00000, 0x00000000e5f00000|  0%| F|  |TAMS 0x00000000e5e00000| PB 0x00000000e5e00000| Untracked 
|  95|0x00000000e5f00000, 0x00000000e5f00000, 0x00000000e6000000|  0%| F|  |TAMS 0x00000000e5f00000| PB 0x00000000e5f00000| Untracked 
|  96|0x00000000e6000000, 0x00000000e6000000, 0x00000000e6100000|  0%| F|  |TAMS 0x00000000e6000000| PB 0x00000000e6000000| Untracked 
|  97|0x00000000e6100000, 0x00000000e6100000, 0x00000000e6200000|  0%| F|  |TAMS 0x00000000e6100000| PB 0x00000000e6100000| Untracked 
|  98|0x00000000e6200000, 0x00000000e6200000, 0x00000000e6300000|  0%| F|  |TAMS 0x00000000e6200000| PB 0x00000000e6200000| Untracked 
|  99|0x00000000e6300000, 0x00000000e6300000, 0x00000000e6400000|  0%| F|  |TAMS 0x00000000e6300000| PB 0x00000000e6300000| Untracked 
| 100|0x00000000e6400000, 0x00000000e6400000, 0x00000000e6500000|  0%| F|  |TAMS 0x00000000e6400000| PB 0x00000000e6400000| Untracked 
| 101|0x00000000e6500000, 0x00000000e6500000, 0x00000000e6600000|  0%| F|  |TAMS 0x00000000e6500000| PB 0x00000000e6500000| Untracked 
| 102|0x00000000e6600000, 0x00000000e6600000, 0x00000000e6700000|  0%| F|  |TAMS 0x00000000e6600000| PB 0x00000000e6600000| Untracked 
| 103|0x00000000e6700000, 0x00000000e6700000, 0x00000000e6800000|  0%| F|  |TAMS 0x00000000e6700000| PB 0x00000000e6700000| Untracked 
| 104|0x00000000e6800000, 0x00000000e6800000, 0x00000000e6900000|  0%| F|  |TAMS 0x00000000e6800000| PB 0x00000000e6800000| Untracked 
| 105|0x00000000e6900000, 0x00000000e6900000, 0x00000000e6a00000|  0%| F|  |TAMS 0x00000000e6900000| PB 0x00000000e6900000| Untracked 
| 106|0x00000000e6a00000, 0x00000000e6a00000, 0x00000000e6b00000|  0%| F|  |TAMS 0x00000000e6a00000| PB 0x00000000e6a00000| Untracked 
| 107|0x00000000e6b00000, 0x00000000e6b00000, 0x00000000e6c00000|  0%| F|  |TAMS 0x00000000e6b00000| PB 0x00000000e6b00000| Untracked 
| 108|0x00000000e6c00000, 0x00000000e6c00000, 0x00000000e6d00000|  0%| F|  |TAMS 0x00000000e6c00000| PB 0x00000000e6c00000| Untracked 
| 109|0x00000000e6d00000, 0x00000000e6d00000, 0x00000000e6e00000|  0%| F|  |TAMS 0x00000000e6d00000| PB 0x00000000e6d00000| Untracked 
| 110|0x00000000e6e00000, 0x00000000e6e00000, 0x00000000e6f00000|  0%| F|  |TAMS 0x00000000e6e00000| PB 0x00000000e6e00000| Untracked 
| 111|0x00000000e6f00000, 0x00000000e6f00000, 0x00000000e7000000|  0%| F|  |TAMS 0x00000000e6f00000| PB 0x00000000e6f00000| Untracked 
| 112|0x00000000e7000000, 0x00000000e7000000, 0x00000000e7100000|  0%| F|  |TAMS 0x00000000e7000000| PB 0x00000000e7000000| Untracked 
| 113|0x00000000e7100000, 0x00000000e7100000, 0x00000000e7200000|  0%| F|  |TAMS 0x00000000e7100000| PB 0x00000000e7100000| Untracked 
| 114|0x00000000e7200000, 0x00000000e7200000, 0x00000000e7300000|  0%| F|  |TAMS 0x00000000e7200000| PB 0x00000000e7200000| Untracked 
| 115|0x00000000e7300000, 0x00000000e7300000, 0x00000000e7400000|  0%| F|  |TAMS 0x00000000e7300000| PB 0x00000000e7300000| Untracked 
| 116|0x00000000e7400000, 0x00000000e7400000, 0x00000000e7500000|  0%| F|  |TAMS 0x00000000e7400000| PB 0x00000000e7400000| Untracked 
| 117|0x00000000e7500000, 0x00000000e7500000, 0x00000000e7600000|  0%| F|  |TAMS 0x00000000e7500000| PB 0x00000000e7500000| Untracked 
| 118|0x00000000e7600000, 0x00000000e7600000, 0x00000000e7700000|  0%| F|  |TAMS 0x00000000e7600000| PB 0x00000000e7600000| Untracked 
| 119|0x00000000e7700000, 0x00000000e7700000, 0x00000000e7800000|  0%| F|  |TAMS 0x00000000e7700000| PB 0x00000000e7700000| Untracked 
| 120|0x00000000e7800000, 0x00000000e7800000, 0x00000000e7900000|  0%| F|  |TAMS 0x00000000e7800000| PB 0x00000000e7800000| Untracked 
| 121|0x00000000e7900000, 0x00000000e7900000, 0x00000000e7a00000|  0%| F|  |TAMS 0x00000000e7900000| PB 0x00000000e7900000| Untracked 
| 122|0x00000000e7a00000, 0x00000000e7a00000, 0x00000000e7b00000|  0%| F|  |TAMS 0x00000000e7a00000| PB 0x00000000e7a00000| Untracked 
| 123|0x00000000e7b00000, 0x00000000e7b00000, 0x00000000e7c00000|  0%| F|  |TAMS 0x00000000e7b00000| PB 0x00000000e7b00000| Untracked 
| 124|0x00000000e7c00000, 0x00000000e7c00000, 0x00000000e7d00000|  0%| F|  |TAMS 0x00000000e7c00000| PB 0x00000000e7c00000| Untracked 
| 125|0x00000000e7d00000, 0x00000000e7d00000, 0x00000000e7e00000|  0%| F|  |TAMS 0x00000000e7d00000| PB 0x00000000e7d00000| Untracked 
| 126|0x00000000e7e00000, 0x00000000e7e00000, 0x00000000e7f00000|  0%| F|  |TAMS 0x00000000e7e00000| PB 0x00000000e7e00000| Untracked 
| 127|0x00000000e7f00000, 0x00000000e7f00000, 0x00000000e8000000|  0%| F|  |TAMS 0x00000000e7f00000| PB 0x00000000e7f00000| Untracked 
| 128|0x00000000e8000000, 0x00000000e8000000, 0x00000000e8100000|  0%| F|  |TAMS 0x00000000e8000000| PB 0x00000000e8000000| Untracked 
| 129|0x00000000e8100000, 0x00000000e8100000, 0x00000000e8200000|  0%| F|  |TAMS 0x00000000e8100000| PB 0x00000000e8100000| Untracked 
| 130|0x00000000e8200000, 0x00000000e8200000, 0x00000000e8300000|  0%| F|  |TAMS 0x00000000e8200000| PB 0x00000000e8200000| Untracked 
| 131|0x00000000e8300000, 0x00000000e8300000, 0x00000000e8400000|  0%| F|  |TAMS 0x00000000e8300000| PB 0x00000000e8300000| Untracked 
| 132|0x00000000e8400000, 0x00000000e8400000, 0x00000000e8500000|  0%| F|  |TAMS 0x00000000e8400000| PB 0x00000000e8400000| Untracked 
| 133|0x00000000e8500000, 0x00000000e8500000, 0x00000000e8600000|  0%| F|  |TAMS 0x00000000e8500000| PB 0x00000000e8500000| Untracked 
| 134|0x00000000e8600000, 0x00000000e8600000, 0x00000000e8700000|  0%| F|  |TAMS 0x00000000e8600000| PB 0x00000000e8600000| Untracked 
| 135|0x00000000e8700000, 0x00000000e8700000, 0x00000000e8800000|  0%| F|  |TAMS 0x00000000e8700000| PB 0x00000000e8700000| Untracked 
| 136|0x00000000e8800000, 0x00000000e8800000, 0x00000000e8900000|  0%| F|  |TAMS 0x00000000e8800000| PB 0x00000000e8800000| Untracked 
| 137|0x00000000e8900000, 0x00000000e8900000, 0x00000000e8a00000|  0%| F|  |TAMS 0x00000000e8900000| PB 0x00000000e8900000| Untracked 
| 138|0x00000000e8a00000, 0x00000000e8a00000, 0x00000000e8b00000|  0%| F|  |TAMS 0x00000000e8a00000| PB 0x00000000e8a00000| Untracked 
| 139|0x00000000e8b00000, 0x00000000e8b00000, 0x00000000e8c00000|  0%| F|  |TAMS 0x00000000e8b00000| PB 0x00000000e8b00000| Untracked 
| 140|0x00000000e8c00000, 0x00000000e8c00000, 0x00000000e8d00000|  0%| F|  |TAMS 0x00000000e8c00000| PB 0x00000000e8c00000| Untracked 
| 141|0x00000000e8d00000, 0x00000000e8d00000, 0x00000000e8e00000|  0%| F|  |TAMS 0x00000000e8d00000| PB 0x00000000e8d00000| Untracked 
| 142|0x00000000e8e00000, 0x00000000e8e00000, 0x00000000e8f00000|  0%| F|  |TAMS 0x00000000e8e00000| PB 0x00000000e8e00000| Untracked 
| 143|0x00000000e8f00000, 0x00000000e8f00000, 0x00000000e9000000|  0%| F|  |TAMS 0x00000000e8f00000| PB 0x00000000e8f00000| Untracked 
| 144|0x00000000e9000000, 0x00000000e9000000, 0x00000000e9100000|  0%| F|  |TAMS 0x00000000e9000000| PB 0x00000000e9000000| Untracked 
| 145|0x00000000e9100000, 0x00000000e9100000, 0x00000000e9200000|  0%| F|  |TAMS 0x00000000e9100000| PB 0x00000000e9100000| Untracked 
| 146|0x00000000e9200000, 0x00000000e9200000, 0x00000000e9300000|  0%| F|  |TAMS 0x00000000e9200000| PB 0x00000000e9200000| Untracked 
| 147|0x00000000e9300000, 0x00000000e9300000, 0x00000000e9400000|  0%| F|  |TAMS 0x00000000e9300000| PB 0x00000000e9300000| Untracked 
| 148|0x00000000e9400000, 0x00000000e9400000, 0x00000000e9500000|  0%| F|  |TAMS 0x00000000e9400000| PB 0x00000000e9400000| Untracked 
| 149|0x00000000e9500000, 0x00000000e9500000, 0x00000000e9600000|  0%| F|  |TAMS 0x00000000e9500000| PB 0x00000000e9500000| Untracked 
| 150|0x00000000e9600000, 0x00000000e9600000, 0x00000000e9700000|  0%| F|  |TAMS 0x00000000e9600000| PB 0x00000000e9600000| Untracked 
| 151|0x00000000e9700000, 0x00000000e9700000, 0x00000000e9800000|  0%| F|  |TAMS 0x00000000e9700000| PB 0x00000000e9700000| Untracked 
| 152|0x00000000e9800000, 0x00000000e9800000, 0x00000000e9900000|  0%| F|  |TAMS 0x00000000e9800000| PB 0x00000000e9800000| Untracked 
| 153|0x00000000e9900000, 0x00000000e9900000, 0x00000000e9a00000|  0%| F|  |TAMS 0x00000000e9900000| PB 0x00000000e9900000| Untracked 
| 154|0x00000000e9a00000, 0x00000000e9a00000, 0x00000000e9b00000|  0%| F|  |TAMS 0x00000000e9a00000| PB 0x00000000e9a00000| Untracked 
| 155|0x00000000e9b00000, 0x00000000e9b00000, 0x00000000e9c00000|  0%| F|  |TAMS 0x00000000e9b00000| PB 0x00000000e9b00000| Untracked 
| 156|0x00000000e9c00000, 0x00000000e9c00000, 0x00000000e9d00000|  0%| F|  |TAMS 0x00000000e9c00000| PB 0x00000000e9c00000| Untracked 
| 157|0x00000000e9d00000, 0x00000000e9d00000, 0x00000000e9e00000|  0%| F|  |TAMS 0x00000000e9d00000| PB 0x00000000e9d00000| Untracked 
| 158|0x00000000e9e00000, 0x00000000e9e00000, 0x00000000e9f00000|  0%| F|  |TAMS 0x00000000e9e00000| PB 0x00000000e9e00000| Untracked 
| 159|0x00000000e9f00000, 0x00000000e9f00000, 0x00000000ea000000|  0%| F|  |TAMS 0x00000000e9f00000| PB 0x00000000e9f00000| Untracked 
| 160|0x00000000ea000000, 0x00000000ea000000, 0x00000000ea100000|  0%| F|  |TAMS 0x00000000ea000000| PB 0x00000000ea000000| Untracked 
| 161|0x00000000ea100000, 0x00000000ea100000, 0x00000000ea200000|  0%| F|  |TAMS 0x00000000ea100000| PB 0x00000000ea100000| Untracked 
| 162|0x00000000ea200000, 0x00000000ea200000, 0x00000000ea300000|  0%| F|  |TAMS 0x00000000ea200000| PB 0x00000000ea200000| Untracked 
| 163|0x00000000ea300000, 0x00000000ea300000, 0x00000000ea400000|  0%| F|  |TAMS 0x00000000ea300000| PB 0x00000000ea300000| Untracked 
| 164|0x00000000ea400000, 0x00000000ea400000, 0x00000000ea500000|  0%| F|  |TAMS 0x00000000ea400000| PB 0x00000000ea400000| Untracked 
| 165|0x00000000ea500000, 0x00000000ea500000, 0x00000000ea600000|  0%| F|  |TAMS 0x00000000ea500000| PB 0x00000000ea500000| Untracked 
| 166|0x00000000ea600000, 0x00000000ea600000, 0x00000000ea700000|  0%| F|  |TAMS 0x00000000ea600000| PB 0x00000000ea600000| Untracked 
| 167|0x00000000ea700000, 0x00000000ea700000, 0x00000000ea800000|  0%| F|  |TAMS 0x00000000ea700000| PB 0x00000000ea700000| Untracked 
| 168|0x00000000ea800000, 0x00000000ea800000, 0x00000000ea900000|  0%| F|  |TAMS 0x00000000ea800000| PB 0x00000000ea800000| Untracked 
| 169|0x00000000ea900000, 0x00000000ea900000, 0x00000000eaa00000|  0%| F|  |TAMS 0x00000000ea900000| PB 0x00000000ea900000| Untracked 
| 170|0x00000000eaa00000, 0x00000000eaa00000, 0x00000000eab00000|  0%| F|  |TAMS 0x00000000eaa00000| PB 0x00000000eaa00000| Untracked 
| 171|0x00000000eab00000, 0x00000000eab00000, 0x00000000eac00000|  0%| F|  |TAMS 0x00000000eab00000| PB 0x00000000eab00000| Untracked 
| 172|0x00000000eac00000, 0x00000000eac00000, 0x00000000ead00000|  0%| F|  |TAMS 0x00000000eac00000| PB 0x00000000eac00000| Untracked 
| 173|0x00000000ead00000, 0x00000000ead00000, 0x00000000eae00000|  0%| F|  |TAMS 0x00000000ead00000| PB 0x00000000ead00000| Untracked 
| 174|0x00000000eae00000, 0x00000000eae00000, 0x00000000eaf00000|  0%| F|  |TAMS 0x00000000eae00000| PB 0x00000000eae00000| Untracked 
| 175|0x00000000eaf00000, 0x00000000eaf00000, 0x00000000eb000000|  0%| F|  |TAMS 0x00000000eaf00000| PB 0x00000000eaf00000| Untracked 
| 176|0x00000000eb000000, 0x00000000eb000000, 0x00000000eb100000|  0%| F|  |TAMS 0x00000000eb000000| PB 0x00000000eb000000| Untracked 
| 177|0x00000000eb100000, 0x00000000eb100000, 0x00000000eb200000|  0%| F|  |TAMS 0x00000000eb100000| PB 0x00000000eb100000| Untracked 
| 178|0x00000000eb200000, 0x00000000eb200000, 0x00000000eb300000|  0%| F|  |TAMS 0x00000000eb200000| PB 0x00000000eb200000| Untracked 
| 179|0x00000000eb300000, 0x00000000eb300000, 0x00000000eb400000|  0%| F|  |TAMS 0x00000000eb300000| PB 0x00000000eb300000| Untracked 
| 180|0x00000000eb400000, 0x00000000eb400000, 0x00000000eb500000|  0%| F|  |TAMS 0x00000000eb400000| PB 0x00000000eb400000| Untracked 
| 181|0x00000000eb500000, 0x00000000eb500000, 0x00000000eb600000|  0%| F|  |TAMS 0x00000000eb500000| PB 0x00000000eb500000| Untracked 
| 182|0x00000000eb600000, 0x00000000eb600000, 0x00000000eb700000|  0%| F|  |TAMS 0x00000000eb600000| PB 0x00000000eb600000| Untracked 
| 183|0x00000000eb700000, 0x00000000eb700000, 0x00000000eb800000|  0%| F|  |TAMS 0x00000000eb700000| PB 0x00000000eb700000| Untracked 
| 184|0x00000000eb800000, 0x00000000eb800000, 0x00000000eb900000|  0%| F|  |TAMS 0x00000000eb800000| PB 0x00000000eb800000| Untracked 
| 185|0x00000000eb900000, 0x00000000eb900000, 0x00000000eba00000|  0%| F|  |TAMS 0x00000000eb900000| PB 0x00000000eb900000| Untracked 
| 186|0x00000000eba00000, 0x00000000eba00000, 0x00000000ebb00000|  0%| F|  |TAMS 0x00000000eba00000| PB 0x00000000eba00000| Untracked 
| 187|0x00000000ebb00000, 0x00000000ebb00000, 0x00000000ebc00000|  0%| F|  |TAMS 0x00000000ebb00000| PB 0x00000000ebb00000| Untracked 
| 188|0x00000000ebc00000, 0x00000000ebc00000, 0x00000000ebd00000|  0%| F|  |TAMS 0x00000000ebc00000| PB 0x00000000ebc00000| Untracked 
| 189|0x00000000ebd00000, 0x00000000ebd00000, 0x00000000ebe00000|  0%| F|  |TAMS 0x00000000ebd00000| PB 0x00000000ebd00000| Untracked 
| 190|0x00000000ebe00000, 0x00000000ebe00000, 0x00000000ebf00000|  0%| F|  |TAMS 0x00000000ebe00000| PB 0x00000000ebe00000| Untracked 
| 191|0x00000000ebf00000, 0x00000000ebf00000, 0x00000000ec000000|  0%| F|  |TAMS 0x00000000ebf00000| PB 0x00000000ebf00000| Untracked 
| 192|0x00000000ec000000, 0x00000000ec000000, 0x00000000ec100000|  0%| F|  |TAMS 0x00000000ec000000| PB 0x00000000ec000000| Untracked 
| 193|0x00000000ec100000, 0x00000000ec100000, 0x00000000ec200000|  0%| F|  |TAMS 0x00000000ec100000| PB 0x00000000ec100000| Untracked 
| 194|0x00000000ec200000, 0x00000000ec200000, 0x00000000ec300000|  0%| F|  |TAMS 0x00000000ec200000| PB 0x00000000ec200000| Untracked 
| 195|0x00000000ec300000, 0x00000000ec300000, 0x00000000ec400000|  0%| F|  |TAMS 0x00000000ec300000| PB 0x00000000ec300000| Untracked 
| 196|0x00000000ec400000, 0x00000000ec400000, 0x00000000ec500000|  0%| F|  |TAMS 0x00000000ec400000| PB 0x00000000ec400000| Untracked 
| 197|0x00000000ec500000, 0x00000000ec500000, 0x00000000ec600000|  0%| F|  |TAMS 0x00000000ec500000| PB 0x00000000ec500000| Untracked 
| 198|0x00000000ec600000, 0x00000000ec600000, 0x00000000ec700000|  0%| F|  |TAMS 0x00000000ec600000| PB 0x00000000ec600000| Untracked 
| 199|0x00000000ec700000, 0x00000000ec700000, 0x00000000ec800000|  0%| F|  |TAMS 0x00000000ec700000| PB 0x00000000ec700000| Untracked 
| 200|0x00000000ec800000, 0x00000000ec800000, 0x00000000ec900000|  0%| F|  |TAMS 0x00000000ec800000| PB 0x00000000ec800000| Untracked 
| 201|0x00000000ec900000, 0x00000000ec900000, 0x00000000eca00000|  0%| F|  |TAMS 0x00000000ec900000| PB 0x00000000ec900000| Untracked 
| 202|0x00000000eca00000, 0x00000000eca00000, 0x00000000ecb00000|  0%| F|  |TAMS 0x00000000eca00000| PB 0x00000000eca00000| Untracked 
| 203|0x00000000ecb00000, 0x00000000ecb00000, 0x00000000ecc00000|  0%| F|  |TAMS 0x00000000ecb00000| PB 0x00000000ecb00000| Untracked 
| 204|0x00000000ecc00000, 0x00000000ecc00000, 0x00000000ecd00000|  0%| F|  |TAMS 0x00000000ecc00000| PB 0x00000000ecc00000| Untracked 
| 205|0x00000000ecd00000, 0x00000000ecd00000, 0x00000000ece00000|  0%| F|  |TAMS 0x00000000ecd00000| PB 0x00000000ecd00000| Untracked 
| 206|0x00000000ece00000, 0x00000000ece00000, 0x00000000ecf00000|  0%| F|  |TAMS 0x00000000ece00000| PB 0x00000000ece00000| Untracked 
| 207|0x00000000ecf00000, 0x00000000ecf00000, 0x00000000ed000000|  0%| F|  |TAMS 0x00000000ecf00000| PB 0x00000000ecf00000| Untracked 
| 208|0x00000000ed000000, 0x00000000ed000000, 0x00000000ed100000|  0%| F|  |TAMS 0x00000000ed000000| PB 0x00000000ed000000| Untracked 
| 209|0x00000000ed100000, 0x00000000ed100000, 0x00000000ed200000|  0%| F|  |TAMS 0x00000000ed100000| PB 0x00000000ed100000| Untracked 
| 210|0x00000000ed200000, 0x00000000ed200000, 0x00000000ed300000|  0%| F|  |TAMS 0x00000000ed200000| PB 0x00000000ed200000| Untracked 
| 211|0x00000000ed300000, 0x00000000ed300000, 0x00000000ed400000|  0%| F|  |TAMS 0x00000000ed300000| PB 0x00000000ed300000| Untracked 
| 212|0x00000000ed400000, 0x00000000ed400000, 0x00000000ed500000|  0%| F|  |TAMS 0x00000000ed400000| PB 0x00000000ed400000| Untracked 
| 213|0x00000000ed500000, 0x00000000ed500000, 0x00000000ed600000|  0%| F|  |TAMS 0x00000000ed500000| PB 0x00000000ed500000| Untracked 
| 214|0x00000000ed600000, 0x00000000ed600000, 0x00000000ed700000|  0%| F|  |TAMS 0x00000000ed600000| PB 0x00000000ed600000| Untracked 
| 215|0x00000000ed700000, 0x00000000ed700000, 0x00000000ed800000|  0%| F|  |TAMS 0x00000000ed700000| PB 0x00000000ed700000| Untracked 
| 216|0x00000000ed800000, 0x00000000ed800000, 0x00000000ed900000|  0%| F|  |TAMS 0x00000000ed800000| PB 0x00000000ed800000| Untracked 
| 217|0x00000000ed900000, 0x00000000ed900000, 0x00000000eda00000|  0%| F|  |TAMS 0x00000000ed900000| PB 0x00000000ed900000| Untracked 
| 218|0x00000000eda00000, 0x00000000eda00000, 0x00000000edb00000|  0%| F|  |TAMS 0x00000000eda00000| PB 0x00000000eda00000| Untracked 
| 219|0x00000000edb00000, 0x00000000edb00000, 0x00000000edc00000|  0%| F|  |TAMS 0x00000000edb00000| PB 0x00000000edb00000| Untracked 
| 220|0x00000000edc00000, 0x00000000edc00000, 0x00000000edd00000|  0%| F|  |TAMS 0x00000000edc00000| PB 0x00000000edc00000| Untracked 
| 221|0x00000000edd00000, 0x00000000edd00000, 0x00000000ede00000|  0%| F|  |TAMS 0x00000000edd00000| PB 0x00000000edd00000| Untracked 
| 222|0x00000000ede00000, 0x00000000ede00000, 0x00000000edf00000|  0%| F|  |TAMS 0x00000000ede00000| PB 0x00000000ede00000| Untracked 
| 223|0x00000000edf00000, 0x00000000edf00000, 0x00000000ee000000|  0%| F|  |TAMS 0x00000000edf00000| PB 0x00000000edf00000| Untracked 
| 224|0x00000000ee000000, 0x00000000ee000000, 0x00000000ee100000|  0%| F|  |TAMS 0x00000000ee000000| PB 0x00000000ee000000| Untracked 
| 225|0x00000000ee100000, 0x00000000ee100000, 0x00000000ee200000|  0%| F|  |TAMS 0x00000000ee100000| PB 0x00000000ee100000| Untracked 
| 226|0x00000000ee200000, 0x00000000ee200000, 0x00000000ee300000|  0%| F|  |TAMS 0x00000000ee200000| PB 0x00000000ee200000| Untracked 
| 227|0x00000000ee300000, 0x00000000ee300000, 0x00000000ee400000|  0%| F|  |TAMS 0x00000000ee300000| PB 0x00000000ee300000| Untracked 
| 228|0x00000000ee400000, 0x00000000ee500000, 0x00000000ee500000|100%| S|CS|TAMS 0x00000000ee400000| PB 0x00000000ee400000| Complete 
| 229|0x00000000ee500000, 0x00000000ee600000, 0x00000000ee600000|100%| S|CS|TAMS 0x00000000ee500000| PB 0x00000000ee500000| Complete 
| 230|0x00000000ee600000, 0x00000000ee700000, 0x00000000ee700000|100%| S|CS|TAMS 0x00000000ee600000| PB 0x00000000ee600000| Complete 
| 231|0x00000000ee700000, 0x00000000ee700000, 0x00000000ee800000|  0%| F|  |TAMS 0x00000000ee700000| PB 0x00000000ee700000| Untracked 
| 232|0x00000000ee800000, 0x00000000ee900000, 0x00000000ee900000|100%| E|  |TAMS 0x00000000ee800000| PB 0x00000000ee800000| Complete 
| 233|0x00000000ee900000, 0x00000000eea00000, 0x00000000eea00000|100%| E|CS|TAMS 0x00000000ee900000| PB 0x00000000ee900000| Complete 
| 234|0x00000000eea00000, 0x00000000eeb00000, 0x00000000eeb00000|100%| E|CS|TAMS 0x00000000eea00000| PB 0x00000000eea00000| Complete 
| 235|0x00000000eeb00000, 0x00000000eec00000, 0x00000000eec00000|100%| E|CS|TAMS 0x00000000eeb00000| PB 0x00000000eeb00000| Complete 
| 236|0x00000000eec00000, 0x00000000eed00000, 0x00000000eed00000|100%| E|CS|TAMS 0x00000000eec00000| PB 0x00000000eec00000| Complete 
| 237|0x00000000eed00000, 0x00000000eee00000, 0x00000000eee00000|100%| E|CS|TAMS 0x00000000eed00000| PB 0x00000000eed00000| Complete 
| 238|0x00000000eee00000, 0x00000000eef00000, 0x00000000eef00000|100%| E|CS|TAMS 0x00000000eee00000| PB 0x00000000eee00000| Complete 
| 239|0x00000000eef00000, 0x00000000ef000000, 0x00000000ef000000|100%| E|CS|TAMS 0x00000000eef00000| PB 0x00000000eef00000| Complete 
| 240|0x00000000ef000000, 0x00000000ef100000, 0x00000000ef100000|100%| E|CS|TAMS 0x00000000ef000000| PB 0x00000000ef000000| Complete 
| 241|0x00000000ef100000, 0x00000000ef200000, 0x00000000ef200000|100%| E|  |TAMS 0x00000000ef100000| PB 0x00000000ef100000| Complete 
| 242|0x00000000ef200000, 0x00000000ef300000, 0x00000000ef300000|100%| E|CS|TAMS 0x00000000ef200000| PB 0x00000000ef200000| Complete 
| 243|0x00000000ef300000, 0x00000000ef400000, 0x00000000ef400000|100%| E|CS|TAMS 0x00000000ef300000| PB 0x00000000ef300000| Complete 
| 244|0x00000000ef400000, 0x00000000ef500000, 0x00000000ef500000|100%| E|CS|TAMS 0x00000000ef400000| PB 0x00000000ef400000| Complete 
| 245|0x00000000ef500000, 0x00000000ef600000, 0x00000000ef600000|100%| E|CS|TAMS 0x00000000ef500000| PB 0x00000000ef500000| Complete 
| 246|0x00000000ef600000, 0x00000000ef700000, 0x00000000ef700000|100%| E|CS|TAMS 0x00000000ef600000| PB 0x00000000ef600000| Complete 
| 247|0x00000000ef700000, 0x00000000ef800000, 0x00000000ef800000|100%| E|CS|TAMS 0x00000000ef700000| PB 0x00000000ef700000| Complete 
| 248|0x00000000ef800000, 0x00000000ef900000, 0x00000000ef900000|100%| E|CS|TAMS 0x00000000ef800000| PB 0x00000000ef800000| Complete 
| 249|0x00000000ef900000, 0x00000000efa00000, 0x00000000efa00000|100%| E|CS|TAMS 0x00000000ef900000| PB 0x00000000ef900000| Complete 
| 250|0x00000000efa00000, 0x00000000efb00000, 0x00000000efb00000|100%| E|CS|TAMS 0x00000000efa00000| PB 0x00000000efa00000| Complete 
| 251|0x00000000efb00000, 0x00000000efc00000, 0x00000000efc00000|100%| E|CS|TAMS 0x00000000efb00000| PB 0x00000000efb00000| Complete 
| 252|0x00000000efc00000, 0x00000000efd00000, 0x00000000efd00000|100%| E|CS|TAMS 0x00000000efc00000| PB 0x00000000efc00000| Complete 
| 253|0x00000000efd00000, 0x00000000efe00000, 0x00000000efe00000|100%| E|CS|TAMS 0x00000000efd00000| PB 0x00000000efd00000| Complete 

Card table byte_map: [0x0000024cf7970000,0x0000024cf7a70000] _byte_map_base: 0x0000024cf7270000

Marking Bits: (CMBitMap*) 0x0000024cdfeaf510
 Bits: [0x0000024cf7a70000, 0x0000024cf8270000)

Polling page: 0x0000024cdf640000

Metaspace:

Usage:
  Non-class:     11.55 MB used.
      Class:      1.41 MB used.
       Both:     12.96 MB used.

Virtual space:
  Non-class space:       64.00 MB reserved,      11.62 MB ( 18%) committed,  1 nodes.
      Class space:        1.00 GB reserved,       1.50 MB ( <1%) committed,  1 nodes.
             Both:        1.06 GB reserved,      13.12 MB (  1%) committed. 

Chunk freelists:
   Non-Class:  3.67 MB
       Class:  14.39 MB
        Both:  18.06 MB

MaxMetaspaceSize: unlimited
CompressedClassSpaceSize: 1.00 GB
Initial GC threshold: 21.00 MB
Current GC threshold: 21.00 MB
CDS: on
 - commit_granule_bytes: 65536.
 - commit_granule_words: 8192.
 - virtual_space_node_default_size: 8388608.
 - enlarge_chunks_in_place: 1.
 - use_allocation_guard: 0.


Internal statistics:

num_allocs_failed_limit: 0.
num_arena_births: 160.
num_arena_deaths: 0.
num_vsnodes_births: 2.
num_vsnodes_deaths: 0.
num_space_committed: 210.
num_space_uncommitted: 0.
num_chunks_returned_to_freelist: 0.
num_chunks_taken_from_freelist: 411.
num_chunk_merges: 0.
num_chunk_splits: 248.
num_chunks_enlarged: 161.
num_inconsistent_stats: 0.

CodeHeap 'non-profiled nmethods': size=120000Kb used=654Kb max_used=654Kb free=119345Kb
 bounds [0x0000024cefdf0000, 0x0000024cf0060000, 0x0000024cf7320000]
CodeHeap 'profiled nmethods': size=120000Kb used=3372Kb max_used=3372Kb free=116627Kb
 bounds [0x0000024ce8320000, 0x0000024ce8670000, 0x0000024cef850000]
CodeHeap 'non-nmethods': size=5760Kb used=1450Kb max_used=1486Kb free=4309Kb
 bounds [0x0000024cef850000, 0x0000024cefac0000, 0x0000024cefdf0000]
 total_blobs=2209 nmethods=1722 adapters=392
 compilation: enabled
              stopped_count=0, restarted_count=0
 full_count=0

Compilation events (20 events):
Event: 0.949 Thread 0x0000024cff1115b0 1655       4       jdk.internal.misc.Unsafe::allocateUninitializedArray (55 bytes)
Event: 0.949 Thread 0x0000024cff116810 1654   !   3       jdk.internal.loader.BuiltinClassLoader::findClassOnClassPathOrNull (64 bytes)
Event: 0.949 Thread 0x0000024cff555130 1656       4       jdk.internal.loader.URLClassPath::getResource (74 bytes)
Event: 0.950 Thread 0x0000024cff116810 nmethod 1654 0x0000024ce8645690 code [0x0000024ce8645a20, 0x0000024ce8646e68]
Event: 0.950 Thread 0x0000024cff1115b0 nmethod 1655 0x0000024cefe91390 code [0x0000024cefe91520, 0x0000024cefe91740]
Event: 0.950 Thread 0x0000024cff116810 1657       3       java.lang.StringBuilder::append (6 bytes)
Event: 0.950 Thread 0x0000024cff116810 nmethod 1657 0x0000024ce8647690 code [0x0000024ce8647840, 0x0000024ce8647a00]
Event: 0.951 Thread 0x0000024cff116810 1658       3       sun.invoke.util.VerifyAccess::isTypeVisible (47 bytes)
Event: 0.951 Thread 0x0000024cff116810 nmethod 1658 0x0000024ce8647b10 code [0x0000024ce8647d00, 0x0000024ce86480f8]
Event: 0.951 Thread 0x0000024cff116810 1661       3       java.lang.invoke.InvokerBytecodeGenerator::emitPushArgument (150 bytes)
Event: 0.952 Thread 0x0000024cff116810 nmethod 1661 0x0000024ce8648310 code [0x0000024ce8648600, 0x0000024ce86493b8]
Event: 0.952 Thread 0x0000024cff116810 1659       3       java.lang.invoke.DirectMethodHandle$Constructor::viewAsType (49 bytes)
Event: 0.952 Thread 0x0000024cff116810 nmethod 1659 0x0000024ce8649790 code [0x0000024ce8649940, 0x0000024ce8649b30]
Event: 0.952 Thread 0x0000024cff116810 1662       3       java.util.Set::of (10 bytes)
Event: 0.952 Thread 0x0000024cff116810 nmethod 1662 0x0000024ce8649c10 code [0x0000024ce8649dc0, 0x0000024ce8649f58]
Event: 0.953 Thread 0x0000024cff116810 1663       3       sun.reflect.generics.parser.SignatureParser::mark (9 bytes)
Event: 0.953 Thread 0x0000024cff116810 nmethod 1663 0x0000024ce864a010 code [0x0000024ce864a1a0, 0x0000024ce864a2b0]
Event: 0.953 Thread 0x0000024cff116810 1664       3       sun.reflect.generics.parser.SignatureParser::markToCurrent (16 bytes)
Event: 0.953 Thread 0x0000024cff116810 nmethod 1664 0x0000024ce864a310 code [0x0000024ce864a4c0, 0x0000024ce864a618]
Event: 0.953 Thread 0x0000024cff116810 1665       3       sun.reflect.generics.parser.SignatureParser::parseClassTypeSignature (118 bytes)

GC Heap History (2 events):
Event: 0.544 GC heap before
{Heap before GC invocations=0 (full 0):
 garbage-first heap   total 260096K, used 26624K [0x00000000e0000000, 0x0000000100000000)
  region size 1024K, 23 young (23552K), 0 survivors (0K)
 Metaspace       used 7086K, committed 7296K, reserved 1114112K
  class space    used 723K, committed 832K, reserved 1048576K
}
Event: 0.547 GC heap after
{Heap after GC invocations=1 (full 0):
 garbage-first heap   total 260096K, used 13071K [0x00000000e0000000, 0x0000000100000000)
  region size 1024K, 3 young (3072K), 3 survivors (3072K)
 Metaspace       used 7086K, committed 7296K, reserved 1114112K
  class space    used 723K, committed 832K, reserved 1048576K
}

Dll operation events (11 events):
Event: 0.007 Loaded shared library C:\Program Files\Java\jdk-21\bin\java.dll
Event: 0.008 Loaded shared library C:\Program Files\Java\jdk-21\bin\zip.dll
Event: 0.034 Loaded shared library C:\Program Files\Java\jdk-21\bin\jsvml.dll
Event: 0.164 Loaded shared library C:\Program Files\Java\jdk-21\bin\instrument.dll
Event: 0.202 Loaded shared library C:\Program Files\Java\jdk-21\bin\net.dll
Event: 0.203 Loaded shared library C:\Program Files\Java\jdk-21\bin\nio.dll
Event: 0.210 Loaded shared library C:\Program Files\Java\jdk-21\bin\zip.dll
Event: 0.282 Loaded shared library C:\Program Files\Java\jdk-21\bin\jimage.dll
Event: 0.620 Loaded shared library C:\Program Files\Java\jdk-21\bin\extnet.dll
Event: 0.727 Loaded shared library C:\Program Files\Java\jdk-21\bin\sunmscapi.dll
Event: 0.764 Loaded shared library C:\Program Files\Java\jdk-21\bin\verify.dll

Deoptimization events (20 events):
Event: 0.945 Thread 0x0000024cddcccc00 DEOPT PACKING pc=0x0000024ce861626c sp=0x000000c92e9fcdc0
Event: 0.945 Thread 0x0000024cddcccc00 DEOPT UNPACKING pc=0x0000024cef8a4e42 sp=0x000000c92e9fc288 mode 1
Event: 0.945 Thread 0x0000024cddcccc00 DEOPT PACKING pc=0x0000024ce8615d8c sp=0x000000c92e9fce50
Event: 0.945 Thread 0x0000024cddcccc00 DEOPT UNPACKING pc=0x0000024cef8a4e42 sp=0x000000c92e9fc328 mode 1
Event: 0.950 Thread 0x0000024cddcccc00 DEOPT PACKING pc=0x0000024ce85ff071 sp=0x000000c92e9fc2c0
Event: 0.950 Thread 0x0000024cddcccc00 DEOPT UNPACKING pc=0x0000024cef8a4e42 sp=0x000000c92e9fb718 mode 1
Event: 0.950 Thread 0x0000024cddcccc00 DEOPT PACKING pc=0x0000024ce83d54e4 sp=0x000000c92e9fc350
Event: 0.950 Thread 0x0000024cddcccc00 DEOPT UNPACKING pc=0x0000024cef8a4e42 sp=0x000000c92e9fb7f8 mode 1
Event: 0.950 Thread 0x0000024cddcccc00 DEOPT PACKING pc=0x0000024ce861626c sp=0x000000c92e9fcdd0
Event: 0.950 Thread 0x0000024cddcccc00 DEOPT UNPACKING pc=0x0000024cef8a4e42 sp=0x000000c92e9fc298 mode 1
Event: 0.950 Thread 0x0000024cddcccc00 DEOPT PACKING pc=0x0000024ce8615d8c sp=0x000000c92e9fce60
Event: 0.950 Thread 0x0000024cddcccc00 DEOPT UNPACKING pc=0x0000024cef8a4e42 sp=0x000000c92e9fc338 mode 1
Event: 0.953 Thread 0x0000024cddcccc00 DEOPT PACKING pc=0x0000024ce85ff071 sp=0x000000c92e9fc380
Event: 0.953 Thread 0x0000024cddcccc00 DEOPT UNPACKING pc=0x0000024cef8a4e42 sp=0x000000c92e9fb7d8 mode 1
Event: 0.953 Thread 0x0000024cddcccc00 DEOPT PACKING pc=0x0000024ce83d54e4 sp=0x000000c92e9fc410
Event: 0.953 Thread 0x0000024cddcccc00 DEOPT UNPACKING pc=0x0000024cef8a4e42 sp=0x000000c92e9fb8b8 mode 1
Event: 0.953 Thread 0x0000024cddcccc00 DEOPT PACKING pc=0x0000024ce861626c sp=0x000000c92e9fce90
Event: 0.953 Thread 0x0000024cddcccc00 DEOPT UNPACKING pc=0x0000024cef8a4e42 sp=0x000000c92e9fc358 mode 1
Event: 0.953 Thread 0x0000024cddcccc00 DEOPT PACKING pc=0x0000024ce8615d8c sp=0x000000c92e9fcf20
Event: 0.953 Thread 0x0000024cddcccc00 DEOPT UNPACKING pc=0x0000024cef8a4e42 sp=0x000000c92e9fc3f8 mode 1

Classes loaded (20 events):
Event: 0.951 Loading class org/junit/jupiter/api/TestInstance$Lifecycle
Event: 0.951 Loading class org/junit/jupiter/api/TestInstance$Lifecycle done
Event: 0.951 Loading class org/junit/jupiter/api/TestInstance$Lifecycle
Event: 0.951 Loading class org/junit/jupiter/api/TestInstance$Lifecycle done
Event: 0.951 Loading class org/junit/jupiter/engine/config/CachingJupiterConfiguration
Event: 0.951 Loading class org/junit/jupiter/engine/config/CachingJupiterConfiguration done
Event: 0.951 Loading class org/junit/platform/engine/ConfigurationParameters
Event: 0.951 Loading class org/junit/platform/engine/ConfigurationParameters done
Event: 0.952 Loading class org/junit/jupiter/engine/descriptor/ExclusiveResourceCollector
Event: 0.952 Loading class org/junit/jupiter/engine/descriptor/ExclusiveResourceCollector done
Event: 0.952 Loading class org/junit/jupiter/engine/descriptor/ExclusiveResourceCollector$1
Event: 0.952 Loading class org/junit/jupiter/engine/descriptor/ExclusiveResourceCollector$1 done
Event: 0.952 Loading class org/junit/jupiter/engine/descriptor/ExclusiveResourceCollector$DefaultExclusiveResourceCollector
Event: 0.952 Loading class org/junit/jupiter/engine/descriptor/ExclusiveResourceCollector$DefaultExclusiveResourceCollector done
Event: 0.953 Loading class org/junit/jupiter/api/parallel/ResourceLock
Event: 0.953 Loading class org/junit/jupiter/api/parallel/ResourceLock done
Event: 0.953 Loading class org/apiguardian/api/API
Event: 0.953 Loading class org/apiguardian/api/API done
Event: 0.953 Loading class org/junit/jupiter/api/parallel/ResourceLocks
Event: 0.953 Loading class org/junit/jupiter/api/parallel/ResourceLocks done

Classes unloaded (0 events):
No events

Classes redefined (1 events):
Event: 0.187 Thread 0x0000024cfaeee460 redefined class name=java.lang.Throwable, count=1

Internal exceptions (20 events):
Event: 0.523 Thread 0x0000024cddcccc00 Exception <a 'java/lang/NoSuchMethodError'{0x00000000ee71f9f0}: 'void java.lang.invoke.DelegatingMethodHandle$Holder.delegate(java.lang.Object, java.lang.Object, int, java.lang.Object)'> (0x00000000ee71f9f0) 
thrown [s\open\src\hotspot\share\interpreter\linkResolver.cpp, line 773]
Event: 0.523 Thread 0x0000024cddcccc00 Exception <a 'java/lang/NoSuchMethodError'{0x00000000ee7236c8}: 'int java.lang.invoke.DirectMethodHandle$Holder.invokeSpecial(java.lang.Object, java.lang.Object, java.lang.Object)'> (0x00000000ee7236c8) 
thrown [s\open\src\hotspot\share\interpreter\linkResolver.cpp, line 773]
Event: 0.609 Thread 0x0000024cddcccc00 Exception <a 'java/lang/NoSuchMethodError'{0x00000000efb84f88}: 'java.lang.Object java.lang.invoke.DirectMethodHandle$Holder.invokeVirtual(java.lang.Object, java.lang.Object, java.lang.Object, java.lang.Object)'> (0x00000000efb84f88) 
thrown [s\open\src\hotspot\share\interpreter\linkResolver.cpp, line 773]
Event: 0.664 Thread 0x0000024cddcccc00 Exception <a 'java/lang/NoSuchMethodError'{0x00000000ef936128}: 'int java.lang.invoke.DirectMethodHandle$Holder.invokeStaticInit(java.lang.Object, java.lang.Object, java.lang.Object, java.lang.Object)'> (0x00000000ef936128) 
thrown [s\open\src\hotspot\share\interpreter\linkResolver.cpp, line 773]
Event: 0.665 Thread 0x0000024cddcccc00 Exception <a 'java/lang/IncompatibleClassChangeError'{0x00000000ef93e0e0}: Found class java.lang.Object, but interface was expected> (0x00000000ef93e0e0) 
thrown [s\open\src\hotspot\share\interpreter\linkResolver.cpp, line 840]
Event: 0.665 Thread 0x0000024cddcccc00 Exception <a 'java/lang/NoSuchMethodError'{0x00000000ef9408c0}: 'void java.lang.invoke.DirectMethodHandle$Holder.invokeStatic(java.lang.Object, java.lang.Object)'> (0x00000000ef9408c0) 
thrown [s\open\src\hotspot\share\interpreter\linkResolver.cpp, line 773]
Event: 0.666 Thread 0x0000024cddcccc00 Exception <a 'java/lang/NoSuchMethodError'{0x00000000ef943bc0}: 'void java.lang.invoke.DirectMethodHandle$Holder.invokeStaticInit(java.lang.Object, java.lang.Object)'> (0x00000000ef943bc0) 
thrown [s\open\src\hotspot\share\interpreter\linkResolver.cpp, line 773]
Event: 0.667 Thread 0x0000024cddcccc00 Exception <a 'java/lang/NoSuchMethodError'{0x00000000ef94abf8}: 'int java.lang.invoke.DirectMethodHandle$Holder.invokeStaticInit(java.lang.Object, java.lang.Object)'> (0x00000000ef94abf8) 
thrown [s\open\src\hotspot\share\interpreter\linkResolver.cpp, line 773]
Event: 0.701 Thread 0x0000024cddcccc00 Exception <a 'java/lang/NoSuchMethodError'{0x00000000ef70c670}: 'java.lang.Object java.lang.invoke.DirectMethodHandle$Holder.invokeStaticInit(java.lang.Object, int, int, int, int)'> (0x00000000ef70c670) 
thrown [s\open\src\hotspot\share\interpreter\linkResolver.cpp, line 773]
Event: 0.753 Thread 0x0000024cddcccc00 Exception <a 'java/lang/NoSuchMethodError'{0x00000000ef529b68}: 'java.lang.Object java.lang.invoke.DirectMethodHandle$Holder.invokeStaticInit(java.lang.Object, java.lang.Object, int, int, int, int)'> (0x00000000ef529b68) 
thrown [s\open\src\hotspot\share\interpreter\linkResolver.cpp, line 773]
Event: 0.772 Thread 0x0000024cc1979b60 Exception <a 'java/lang/NoSuchMethodError'{0x00000000ef8de9f8}: 'void java.lang.invoke.DirectMethodHandle$Holder.invokeInterface(java.lang.Object, java.lang.Object)'> (0x00000000ef8de9f8) 
thrown [s\open\src\hotspot\share\interpreter\linkResolver.cpp, line 773]
Event: 0.860 Thread 0x0000024cddcccc00 Exception <a 'java/lang/NoSuchMethodError'{0x00000000eef24840}: 'int java.lang.invoke.DirectMethodHandle$Holder.invokeVirtual(java.lang.Object, java.lang.Object)'> (0x00000000eef24840) 
thrown [s\open\src\hotspot\share\interpreter\linkResolver.cpp, line 773]
Event: 0.863 Thread 0x0000024cddcccc00 Exception <a 'java/lang/NoSuchMethodError'{0x00000000eef4fce8}: 'java.lang.Object java.lang.invoke.DirectMethodHandle$Holder.invokeStaticInit(java.lang.Object, int)'> (0x00000000eef4fce8) 
thrown [s\open\src\hotspot\share\interpreter\linkResolver.cpp, line 773]
Event: 0.876 Thread 0x0000024cddcccc00 Exception <a 'java/lang/NoSuchMethodError'{0x00000000eee324e0}: 'int java.lang.invoke.DirectMethodHandle$Holder.invokeSpecialIFC(java.lang.Object, java.lang.Object, java.lang.Object, java.lang.Object)'> (0x00000000eee324e0) 
thrown [s\open\src\hotspot\share\interpreter\linkResolver.cpp, line 773]
Event: 0.886 Thread 0x0000024cddcccc00 Exception <a 'java/lang/IncompatibleClassChangeError'{0x00000000eeeeb4b0}: Found class java.lang.Object, but interface was expected> (0x00000000eeeeb4b0) 
thrown [s\open\src\hotspot\share\interpreter\linkResolver.cpp, line 840]
Event: 0.895 Thread 0x0000024cddcccc00 Exception <a 'java/lang/NoSuchMethodError'{0x00000000eedbc3c8}: 'java.lang.Object java.lang.invoke.DirectMethodHandle$Holder.invokeStaticInit(java.lang.Object, java.lang.Object, java.lang.Object)'> (0x00000000eedbc3c8) 
thrown [s\open\src\hotspot\share\interpreter\linkResolver.cpp, line 773]
Event: 0.896 Thread 0x0000024cddcccc00 Exception <a 'java/lang/NoSuchMethodError'{0x00000000eedc6f78}: 'void java.lang.invoke.DirectMethodHandle$Holder.invokeStaticInit(java.lang.Object, java.lang.Object, java.lang.Object)'> (0x00000000eedc6f78) 
thrown [s\open\src\hotspot\share\interpreter\linkResolver.cpp, line 773]
Event: 0.901 Thread 0x0000024cddcccc00 Exception <a 'java/lang/NoSuchMethodError'{0x00000000eec1df80}: 'java.lang.Object java.lang.invoke.DirectMethodHandle$Holder.newInvokeSpecial(java.lang.Object, java.lang.Object, java.lang.Object, java.lang.Object, java.lang.Object)'> (0x00000000eec1df80) 
thrown [s\open\src\hotspot\share\interpreter\linkResolver.cpp, line 773]
Event: 0.948 Thread 0x0000024cddcccc00 Exception <a 'java/lang/NoSuchMethodError'{0x00000000ee96fcc8}: 'java.lang.Object java.lang.invoke.DirectMethodHandle$Holder.invokeSpecialIFC(java.lang.Object, java.lang.Object, java.lang.Object, java.lang.Object)'> (0x00000000ee96fcc8) 
thrown [s\open\src\hotspot\share\interpreter\linkResolver.cpp, line 773]
Event: 0.951 Thread 0x0000024cddcccc00 Exception <a 'java/lang/NoSuchMethodError'{0x00000000ee98bbe8}: 'java.lang.Object java.lang.invoke.DirectMethodHandle$Holder.invokeInterface(java.lang.Object, java.lang.Object, java.lang.Object)'> (0x00000000ee98bbe8) 
thrown [s\open\src\hotspot\share\interpreter\linkResolver.cpp, line 773]

ZGC Phase Switch (0 events):
No events

VM Operations (20 events):
Event: 0.607 Executing VM operation: HandshakeAllThreads (Deoptimize)
Event: 0.607 Executing VM operation: HandshakeAllThreads (Deoptimize) done
Event: 0.693 Executing VM operation: HandshakeAllThreads (Deoptimize)
Event: 0.693 Executing VM operation: HandshakeAllThreads (Deoptimize) done
Event: 0.693 Executing VM operation: HandshakeAllThreads (Deoptimize)
Event: 0.693 Executing VM operation: HandshakeAllThreads (Deoptimize) done
Event: 0.713 Executing VM operation: HandshakeAllThreads (Deoptimize)
Event: 0.713 Executing VM operation: HandshakeAllThreads (Deoptimize) done
Event: 0.743 Executing VM operation: HandshakeAllThreads (Deoptimize)
Event: 0.743 Executing VM operation: HandshakeAllThreads (Deoptimize) done
Event: 0.787 Executing VM operation: HandshakeAllThreads (Deoptimize)
Event: 0.787 Executing VM operation: HandshakeAllThreads (Deoptimize) done
Event: 0.828 Executing VM operation: HandshakeAllThreads (Deoptimize)
Event: 0.828 Executing VM operation: HandshakeAllThreads (Deoptimize) done
Event: 0.829 Executing VM operation: HandshakeAllThreads (Deoptimize)
Event: 0.829 Executing VM operation: HandshakeAllThreads (Deoptimize) done
Event: 0.895 Executing VM operation: HandshakeAllThreads (Deoptimize)
Event: 0.895 Executing VM operation: HandshakeAllThreads (Deoptimize) done
Event: 0.896 Executing VM operation: HandshakeAllThreads (Deoptimize)
Event: 0.896 Executing VM operation: HandshakeAllThreads (Deoptimize) done

Events (20 events):
Event: 0.020 Thread 0x0000024cddcccc00 Thread added: 0x0000024cddcccc00
Event: 0.032 Thread 0x0000024cfaf06e00 Thread added: 0x0000024cfaf06e00
Event: 0.032 Thread 0x0000024cfaf07d20 Thread added: 0x0000024cfaf07d20
Event: 0.032 Thread 0x0000024cfaf0a290 Thread added: 0x0000024cfaf0a290
Event: 0.032 Thread 0x0000024cfaf0d5a0 Thread added: 0x0000024cfaf0d5a0
Event: 0.032 Thread 0x0000024cfaf0e000 Thread added: 0x0000024cfaf0e000
Event: 0.032 Thread 0x0000024cff110080 Thread added: 0x0000024cff110080
Event: 0.032 Thread 0x0000024cff1115b0 Thread added: 0x0000024cff1115b0
Event: 0.032 Thread 0x0000024cff116810 Thread added: 0x0000024cff116810
Event: 0.145 Thread 0x0000024cff391c60 Thread added: 0x0000024cff391c60
Event: 0.146 Thread 0x0000024cff392910 Thread added: 0x0000024cff392910
Event: 0.146 Thread 0x0000024cff3fc830 Thread added: 0x0000024cff3fc830
Event: 0.170 Thread 0x0000024cff3fe2f0 Thread added: 0x0000024cff3fe2f0
Event: 0.190 Thread 0x0000024cff3e4e30 Thread added: 0x0000024cff3e4e30
Event: 0.192 Thread 0x0000024cff4678e0 Thread added: 0x0000024cff4678e0
Event: 0.221 Thread 0x0000024cff555130 Thread added: 0x0000024cff555130
Event: 0.221 Thread 0x0000024cff560f80 Thread added: 0x0000024cff560f80
Event: 0.693 Thread 0x0000024cc1979b60 Thread added: 0x0000024cc1979b60
Event: 0.770 Thread 0x0000024cc197bc30 Thread added: 0x0000024cc197bc30
Event: 0.770 Thread 0x0000024cc197c2c0 Thread added: 0x0000024cc197c2c0


Dynamic libraries:
0x00007ff7145d0000 - 0x00007ff7145e0000 	C:\Program Files\Java\jdk-21\bin\java.exe
0x00007ffdcddd0000 - 0x00007ffdcdfc8000 	C:\Windows\SYSTEM32\ntdll.dll
0x00007ffdcdba0000 - 0x00007ffdcdc62000 	C:\Windows\System32\KERNEL32.DLL
0x00007ffdcba60000 - 0x00007ffdcbd56000 	C:\Windows\System32\KERNELBASE.dll
0x00007ffdcb730000 - 0x00007ffdcb830000 	C:\Windows\System32\ucrtbase.dll
0x00007ffda2940000 - 0x00007ffda2959000 	C:\Program Files\Java\jdk-21\bin\jli.dll
0x00007ffda1c70000 - 0x00007ffda1c8b000 	C:\Program Files\Java\jdk-21\bin\VCRUNTIME140.dll
0x00007ffdcc040000 - 0x00007ffdcc0f1000 	C:\Windows\System32\ADVAPI32.dll
0x00007ffdcc3f0000 - 0x00007ffdcc48e000 	C:\Windows\System32\msvcrt.dll
0x00007ffdcbdf0000 - 0x00007ffdcbe8f000 	C:\Windows\System32\sechost.dll
0x00007ffdcd8d0000 - 0x00007ffdcd9f0000 	C:\Windows\System32\RPCRT4.dll
0x00007ffdcb8e0000 - 0x00007ffdcb907000 	C:\Windows\System32\bcrypt.dll
0x00007ffdcd9f0000 - 0x00007ffdcdb91000 	C:\Windows\System32\USER32.dll
0x00007ffdcba30000 - 0x00007ffdcba52000 	C:\Windows\System32\win32u.dll
0x00007ffdb9340000 - 0x00007ffdb95db000 	C:\Windows\WinSxS\amd64_microsoft.windows.common-controls_6595b64144ccf1df_6.0.19041.6456_none_60b8a6cb71f64256\COMCTL32.dll
0x00007ffdcc210000 - 0x00007ffdcc23b000 	C:\Windows\System32\GDI32.dll
0x00007ffdcb910000 - 0x00007ffdcba29000 	C:\Windows\System32\gdi32full.dll
0x00007ffdcb690000 - 0x00007ffdcb72d000 	C:\Windows\System32\msvcp_win.dll
0x00007ffdc53c0000 - 0x00007ffdc53ca000 	C:\Windows\SYSTEM32\VERSION.dll
0x00007ffdcc100000 - 0x00007ffdcc12f000 	C:\Windows\System32\IMM32.DLL
0x00007ffdaa9e0000 - 0x00007ffdaa9ec000 	C:\Program Files\Java\jdk-21\bin\vcruntime140_1.dll
0x00007ffd9d700000 - 0x00007ffd9d78e000 	C:\Program Files\Java\jdk-21\bin\msvcp140.dll
0x00007ffd4f830000 - 0x00007ffd5054d000 	C:\Program Files\Java\jdk-21\bin\server\jvm.dll
0x00007ffdcc9e0000 - 0x00007ffdcca4b000 	C:\Windows\System32\WS2_32.dll
0x00007ffdcab40000 - 0x00007ffdcab8b000 	C:\Windows\SYSTEM32\POWRPROF.dll
0x00007ffdb9790000 - 0x00007ffdb97b7000 	C:\Windows\SYSTEM32\WINMM.dll
0x00007ffdcaa90000 - 0x00007ffdcaaa2000 	C:\Windows\SYSTEM32\UMPDC.dll
0x00007ffdc9c30000 - 0x00007ffdc9c42000 	C:\Windows\SYSTEM32\kernel.appcore.dll
0x00007ffdaa6a0000 - 0x00007ffdaa6aa000 	C:\Program Files\Java\jdk-21\bin\jimage.dll
0x00007ffdc90a0000 - 0x00007ffdc92a1000 	C:\Windows\SYSTEM32\DBGHELP.DLL
0x00007ffdb5760000 - 0x00007ffdb5794000 	C:\Windows\SYSTEM32\dbgcore.DLL
0x00007ffdcbd60000 - 0x00007ffdcbde2000 	C:\Windows\System32\bcryptPrimitives.dll
0x00007ffdb6680000 - 0x00007ffdb66bc000 	C:\Program Files\Java\jdk-21\bin\jdwp.dll
0x00007ffdaa360000 - 0x00007ffdaa36f000 	C:\Program Files\Java\jdk-21\bin\instrument.dll
0x00007ffda1ab0000 - 0x00007ffda1acf000 	C:\Program Files\Java\jdk-21\bin\java.dll
0x00007ffda1a90000 - 0x00007ffda1aa8000 	C:\Program Files\Java\jdk-21\bin\zip.dll
0x00007ffdccba0000 - 0x00007ffdcd310000 	C:\Windows\System32\SHELL32.dll
0x00007ffdc9470000 - 0x00007ffdc9c15000 	C:\Windows\SYSTEM32\windows.storage.dll
0x00007ffdcd510000 - 0x00007ffdcd864000 	C:\Windows\System32\combase.dll
0x00007ffdcadb0000 - 0x00007ffdcaddb000 	C:\Windows\SYSTEM32\Wldp.dll
0x00007ffdcc130000 - 0x00007ffdcc1fd000 	C:\Windows\System32\OLEAUT32.dll
0x00007ffdcdc70000 - 0x00007ffdcdd1d000 	C:\Windows\System32\SHCORE.dll
0x00007ffdcc490000 - 0x00007ffdcc4eb000 	C:\Windows\System32\shlwapi.dll
0x00007ffdcb390000 - 0x00007ffdcb3b4000 	C:\Windows\SYSTEM32\profapi.dll
0x00007ffd9fd10000 - 0x00007ffd9fde7000 	C:\Program Files\Java\jdk-21\bin\jsvml.dll
0x00007ffdc0e90000 - 0x00007ffdc0e9c000 	C:\Program Files\Java\jdk-21\bin\dt_socket.dll
0x00007ffdca820000 - 0x00007ffdca85b000 	C:\Windows\SYSTEM32\IPHLPAPI.DLL
0x00007ffdcab90000 - 0x00007ffdcabfa000 	C:\Windows\system32\mswsock.dll
0x00007ffda84d0000 - 0x00007ffda84e0000 	C:\Program Files\Java\jdk-21\bin\net.dll
0x00007ffdc3a70000 - 0x00007ffdc3b7a000 	C:\Windows\SYSTEM32\WINHTTP.dll
0x00007ffda0630000 - 0x00007ffda0646000 	C:\Program Files\Java\jdk-21\bin\nio.dll
0x00007ffda0f80000 - 0x00007ffda0f89000 	C:\Program Files\Java\jdk-21\bin\extnet.dll
0x00007ffda0ee0000 - 0x00007ffda0eee000 	C:\Program Files\Java\jdk-21\bin\sunmscapi.dll
0x00007ffdcb530000 - 0x00007ffdcb68d000 	C:\Windows\System32\CRYPT32.dll
0x00007ffdcaf00000 - 0x00007ffdcaf27000 	C:\Windows\SYSTEM32\ncrypt.dll
0x00007ffdcaec0000 - 0x00007ffdcaefb000 	C:\Windows\SYSTEM32\NTASN1.dll
0x00007ffda1be0000 - 0x00007ffda1be7000 	C:\Windows\system32\wshunix.dll
0x00007ffdcadf0000 - 0x00007ffdcae08000 	C:\Windows\SYSTEM32\CRYPTSP.dll
0x00007ffdca3f0000 - 0x00007ffdca428000 	C:\Windows\system32\rsaenh.dll
0x00007ffdcb350000 - 0x00007ffdcb37e000 	C:\Windows\SYSTEM32\USERENV.dll
0x00007ffdcad20000 - 0x00007ffdcad2c000 	C:\Windows\SYSTEM32\CRYPTBASE.dll
0x00007ffdcc200000 - 0x00007ffdcc208000 	C:\Windows\System32\NSI.dll
0x00007ffda5460000 - 0x00007ffda5470000 	C:\Program Files\Java\jdk-21\bin\verify.dll

dbghelp: loaded successfully - version: 4.0.5 - missing functions: none
symbol engine: initialized successfully - sym options: 0x614 - pdb path: .;C:\Program Files\Java\jdk-21\bin;C:\Windows\SYSTEM32;C:\Windows\WinSxS\amd64_microsoft.windows.common-controls_6595b64144ccf1df_6.0.19041.6456_none_60b8a6cb71f64256;C:\Program Files\Java\jdk-21\bin\server

VM Arguments:
jvm_args: -Ddebugger.agent.enable.coroutines=true -Ddebugger.async.stack.trace.for.all.threads=true -Dkotlinx.coroutines.debug.enable.creation.stack.trace=false -Dkotlinx.coroutines.debug.enable.flows.stack.trace=true -Dkotlinx.coroutines.debug.enable.mutable.state.flows.stack.trace=true -Dorg.gradle.internal.worker.tmpdir=D:\IdeaProjects\innowise\payment-system\core-user-service\build\tmp\test\work -agentlib:jdwp=transport=dt_socket,server=n,suspend=y,address=127.0.0.1:54427 -javaagent:C:\Users\Admin\AppData\Local\JetBrains\IntelliJIdea2025.3\captureAgent\debugger-agent.jar=file:///C:/Users/Admin/AppData/Local/Temp/capture17425405882837675456.props -Xmx512m -Dfile.encoding=UTF-8 -Duser.country=RU -Duser.language=ru -Duser.variant -ea 
java_command: worker.org.gradle.process.internal.worker.GradleWorkerMain 'Gradle Test Executor 1'
java_class_path (initial): C:\\Users\\Admin\\.gradle\\caches\\9.5.1\\workerMain\\gradle-worker.jar;D:\\IdeaProjects\\innowise\\payment-system\\core-user-service\\build\\classes\\java\\test;D:\\IdeaProjects\\innowise\\payment-system\\core-user-service\\build\\resources\\test;D:\\IdeaProjects\\innowise\\payment-system\\core-user-service\\build\\classes\\java\\main;D:\\IdeaProjects\\innowise\\payment-system\\core-user-service\\build\\resources\\main;C:\\Users\\Admin\\.gradle\\caches\\modules-2\\files-2.1\\org.springframework.boot\\spring-boot-starter-web\\3.5.15\\cf64b9b6974c201da9e6848994ea0975bdea0374\\spring-boot-starter-web-3.5.15.jar;C:\\Users\\Admin\\.gradle\\caches\\modules-2\\files-2.1\\org.springframework.boot\\spring-boot-starter-security\\3.5.15\\34b74928608450d9f568122f5f7bd2bef4e7e789\\spring-boot-starter-security-3.5.15.jar;C:\\Users\\Admin\\.gradle\\caches\\modules-2\\files-2.1\\org.springframework.boot\\spring-boot-starter-data-jpa\\3.5.15\\e5b9beb34d2a88b296fd5f0b35a87fad6426063\\spring-boot-starter-data-jpa-3.5.15.jar;C:\\Users\\Admin\\.gradle\\caches\\modules-2\\files-2.1\\org.springframework.boot\\spring-boot-starter-validation\\3.5.15\\68579b1fb8b699eac6d11d2181a65f99d0e37714\\spring-boot-starter-validation-3.5.15.jar;C:\\Users\\Admin\\.gradle\\caches\\modules-2\\files-2.1\\org.springframework.boot\\spring-boot-starter-cache\\3.5.15\\fb0813715e6e07535e602f3ef1bc9ee8d37417ca\\spring-boot-starter-cache-3.5.15.jar;C:\\Users\\Admin\\.gradle\\caches\\modules-2\\files-2.1\\org.springframework.boot\\spring-boot-starter-data-redis\\3.5.15\\d90adb531eeae130b3eb9f2b6c0081aa5996499d\\spring-boot-starter-data-redis-3.5.15.jar;C:\\Users\\Admin\\.gradle\\caches\\modules-2\\files-2.1\\org.springframework.kafka\\spring-kafka\\3.3.16\\e33b8ab142f73c18dc88c39847fb25c8d6f54699\\spring-kafka-3.3.16.jar;C:\\Users\\Admin\\.gradle\\caches\\modules-2\\files-2.1\\org.postgresql\\postgresql\\42.7.11\\4c21cdd1b3938f400703716d37c4e8ca4d332808\\postgresql-42.7.11.jar;C:\\Users\\Admin\\.gradle\\caches\\modules-2\\files-2.1\\org.liquibase\\liquibase-core\\4.31.1\\7578a1c2842d458c31eddb05c7ac82899af1893f\\liquibase-core-4.31.1.jar;C:\\Users\\Admin\\.gradle\\caches\\modules-2\\files-2.1\\org.springframework.boot\\spring-boot-starter-json\\3.5.15\\1507254007468c2d29ad2dd753a6a745d89658\\spring-boot-starter-json-3.5.15.jar;C:\\Users\\Admin\\.gradle\\caches\\modules-2\\files-2.1\\io.jsonwebtoken\\jjwt-jackson\\0.12.6\\f141e0c1136ba17f2632858238a31ae05642dbf8\\jjwt-jackson-0.12.6.jar;C:\\Users\\Admin\\.gradle\\caches\\modules-2\\files-2.1\\com.fasterxml.jackson.datatype\\jackson-datatype-jdk8\\2.21.4\\a1b9fe3b6e8d4418fe09a1ba9a8f6640137cfb5\\jackson-datatype-jdk8-2.21.4.jar;C:\\Users\\Admin\\.gradle\\caches\\modules-2\\files-2.1\\com.fasterxml.jackson.module\\jackson-module-parameter-names\\2.21.4\\5f1439ff7bebf7601e12a9ee7919b81ab9cb7c78\\jackson-module-parameter-names-2.21.4.jar;C:\\Users\\Admin\\.gradle\\caches\\modules-2\\files-2.1\\com.fasterxml.jackson.core\\jackson-databind\\2.21.4\\9e495680be707d466527d734368ebf36e464da2\\jackson-databind-2.21.4.jar;C:\\Users\\Admin\\.gradle\\caches\\modules-2\\files-2.1\\com.fasterxml.jackson.core\\jackson-core\\2.21.4\\56a503ba45016714394807ea89f95f5093760089\\jackson-core-2.21.4.jar;C:\\Users\\Admin\\.gradle\\caches\\modules-2\\files-2.1\\com.fasterxml.jackson.datatype\\jackson-datatype-jsr310\\2.21.4\\51f9ede30826b05cdf8a70b47bc68bd6271dfaaa\\jackson-datatype-jsr310-2.21.4.jar;C:\\Users\\Admin\\.gradle\\caches\\modules-2\\files-2.1\\org.mapstruct\\mapstruct\\1.6.3\\416a2155212286d6a1c4cb3bb553c7dfd6a1a092\\mapstruct-1.6.3.jar;C:\\Users\\Admin\\.gradle\\caches\\modules-2\\files-2.1\\io.jsonwebtoken\\jjwt-impl\\0.12.6\\ac23673a84b6089e0369fb8ab2c69edd91cd6eb0\\jjwt-impl-0.12.6.jar;C:\\Users\\Admin\\.gradle\\caches\\modules-2\\files-2.1\\io.jsonwebtoken\\jjwt-api\\0.12.6\\478886a888f6add04937baf0361144504a024967\\jjwt-api-0.12.6.jar;C:\\Users\\Admin\\.gradle\\caches\\modules-2\\files-2.1\\org.springframework.boot\\spring-boot-starter-test\\3.5.15\\24d97b07bed48c60dd11d2c08ba17c0c52e42dde\\spring-boot-starter-test-3.5.15.jar;C:\\Users\\Admin\\.gradle\\caches\\modules-2\\files-2.1\\org.springframework.security\\spring-security-test\\6.5.11\\775fb8244eccd0be1efa71c8f910718c87b4d2f0\\spring-security-test-6.5.11.jar;C:\\Users\\Admin\\.gradle\\caches\\modules-2\\files-2.1\\org.springframework.boot\\spring-boot-testcontainers\\3.5.15\\7537490a3b4e80a5450dcc47d8be3a8b2bf774f6\\spring-boot-testcontainers-3.5.15.jar;C:\\Users\\Admin\\.gradle\\caches\\modules-2\\files-2.1\\org.testcontainers\\junit-jupiter\\1.21.4\\268b0aca9c79c19b65988d98a688fce81861aa77\\junit-jupiter-1.21.4.jar;C:\\Users\\Admin\\.gradle\\caches\\modules-2\\files-2.1\\org.testcontainers\\postgresql\\1.21.4\\7c5962f994944d7ab3b058d8cc7fabef61da3733\\postgresql-1.21.4.jar;C:\\Users\\Admin\\.gradle\\caches\\modules-2\\files-2.1\\org.assertj\\assertj-core\\3.27.7\\2f4f64f054c9d618d4b1d89e7611559f5e2cfff7\\assertj-core-3.27.7.jar;C:\\Users\\Admin\\.gradle\\caches\\modules-2\\files-2.1\\org.junit.jupiter\\junit-jupiter\\5.12.2\\64d3ec64ae06517bc14b7faaaec7c996b0d05bea\\junit-jupiter-5.12.2.jar;C:\\Users\\Admin\\.gradle\\caches\\modules-2\\files-2.1\\org.junit.jupiter\\junit-jupiter-engine\\5.12.2\\b8df7575b8cd3a94dbe27b481d1cd52c57864559\\junit-jupiter-engine-5.12.2.jar;C:\\Users\\Admin\\.gradle\\caches\\modules-2\\files-2.1\\org.junit.platform\\junit-platform-engine\\1.12.2\\8519ece93f91b8115705d36be2c36d49808935cd\\junit-platform-engine-1.12.2.jar;C:\\Users\\Admin\\.gradle\\caches\\modules-2\\files-2.1\\org.mockito\\mockito-junit-jupiter\\5.17.0\\4399e19e3fb5b55230027583323e4c883d5da07d\\mockito-junit-jupiter-5.17.0.jar;C:\\Users\\Admin\\.gradle\\caches\\modules-2\\files-2.1\\org.junit.jupiter\\junit-jupiter-params\\5.12.2\\ff1434a66d1fb84c2c709cde2e2d56d5c8f4fad3\\junit-jupiter-params-5.12.2.jar;C:\\Users\\Admin\\.gradle\\caches\\modules-2\\files-2.1\\org.junit.jupiter\\junit-jupiter-api\\5.12.2\\6de3a3256c5d90f4a439edcb6c2e8dc5180907b0\\junit-jupiter-api-5.12.2.jar;C:\\Users\\Admin\\.gradle\\caches\\modules-2\\files-2.1\\org.junit.platform\\junit-platform-commons\\1.12.2\\b89e88a89ee009937374a4c96912e007b34c8e35\\junit-platform-commons-1.12.2.jar;C:\\Users\\Admin\\.gradle\\caches\\modules-2\\files-2.1\\org.junit.platform\\junit-platform-launcher\\1.12.2\\79d49ad13017c67a8bf76e10ba5ac8937d811772\\junit-platform-launcher-1.12.2.jar;C:\\Users\\Admin\\.gradle\\caches\\modules-2\\files-2.1\\org.springframework.boot\\spring-boot-starter-jdbc\\3.5.15\\5a3434cca3911a18eb95e5996cd8266dc8546ccb\\spring-boot-starter-jdbc-3.5.15.jar;C:\\Users\\Admin\\.gradle\\caches\\modules-2\\files-2.1\\org.springframework.boot\\spring-boot-starter\\3.5.15\\d5939013cbaee1f0c012e2324ea6256412a2672e\\spring-boot-starter-3.5.15.jar;C:\\Users\\Admin\\.gradle\\caches\\modules-2\\files-2.1\\org.springframework.boot\\spring-boot-starter-tomcat\\3.5.15\\635ffde7e1b1809738e6a6cd6ab310672c626bf4\\spring-boot-starter-tomcat-3.5.15.jar;C:\\Users\\Admin\\.gradle\\caches\\modules-2\\files-2.1\\org.springframework\\spring-webmvc\\6.2.19\\836c68c8797106000e44153686b1cfa1a806a998\\spring-webmvc-6.2.19.jar;C:\\Users\\Admin\\.gradle\\caches\\modules-2\\files-2.1\\org.springframework.security\\spring-security-web\\6.5.11\\eeee13020ef81f290633e68fe062bccba062774e\\spring-security-web-6.5.11.jar;C:\\Users\\Admin\\.gradle\\caches\\modules-2\\files-2.1\\org.springframework\\spring-web\\6.2.19\\f1dc7b238611aeaf9e256a230aa089057cf0e5b3\\spring-web-6.2.19.jar;C:\\Users\\Admin\\.gradle\\caches\\modules-2\\files-2.1\\org.springframework.security\\spring-security-config\\6.5.11\\c698bc32f1f10f85b3ade54575077eaebc9b86c3\\spring-security-config-6.5.11.jar;C:\\Users\\Admin\\.gradle\\caches\\modules-2\\files-2.1\\org.springframework.data\\spring-data-jpa\\3.5.12\\3a127325aaa0956cf7d5c5a913b8cc5e9d5e7a64\\spring-data-jpa-3.5.12.jar;C:\\Users\\Admin\\.gradle\\caches\\modules-2\\files-2.1\\org.springframework.data\\spring-data-redis\\3.5.12\\38a9f5d4c563e23b6f71f422de0061d010b91685\\spring-data-redis-3.5.12.jar;C:\\Users\\Admin\\.gradle\\caches\\modules-2\\files-2.1\\org.springframework\\spring-context-support\\6.2.19\\a3c10a96896252b025988cf4832bfbf896cfd26d\\spring-context-support-6.2.19.jar;C:\\Users\\Admin\\.gradle\\caches\\modules-2\\files-2.1\\org.springframework.security\\spring-security-core\\6.5.11\\d57309ff65d122a2fa45a3a8f47b01e9183cb6e6\\spring-security-core-6.5.11.jar;C:\\Users\\Admin\\.gradle\\caches\\modules-2\\files-2.1\\org.springframework.boot\\spring-boot-test-autoconfigure\\3.5.15\\36c281f083f079d4b0b569a23beb125e81b53bb\\spring-boot-test-autoconfigure-3.5.15.jar;C:\\Users\\Admin\\.gradle\\caches\\modules-2\\files-2.1\\org.springframework.boot\\spring-boot-test\\3.5.15\\a76e78983303c2c34c34381f12044bd628422355\\spring-boot-test-3.5.15.jar;C:\\Users\\Admin\\.gradle\\caches\\modules-2\\files-2.1\\org.springframework.boot\\spring-boot-autoconfigure\\3.5.15\\2ae6e14e304afe1e56bca3eb607e89b6dbf76f77\\spring-boot-autoconfigure-3.5.15.jar;C:\\Users\\Admin\\.gradle\\caches\\modules-2\\files-2.1\\org.springframework.boot\\spring-boot\\3.5.15\\c06a102c231e4a0a53085d93c3a121f3a05d6825\\spring-boot-3.5.15.jar;C:\\Users\\Admin\\.gradle\\caches\\modules-2\\files-2.1\\org.springframework.data\\spring-data-keyvalue\\3.5.12\\40b0dbf9336b0fc17be3e4a5d96a46ae27b6849f\\spring-data-keyvalue-3.5.12.jar;C:\\Users\\Admin\\.gradle\\caches\\modules-2\\files-2.1\\org.springframework\\spring-context\\6.2.19\\e218e4c4ecad1e821905628b2c4ce8561d937baa\\spring-context-6.2.19.jar;C:\\Users\\Admin\\.gradle\\caches\\modules-2\\files-2.1\\org.springframework\\spring-aop\\6.2.19\\86a538bb7b2be38a0afc4ef049784def10a86c62\\spring-aop-6.2.19.jar;C:\\Users\\Admin\\.gradle\\caches\\modules-2\\files-2.1\\org.hibernate.orm\\hibernate-core\\6.6.53.Final\\29bfa3d861a32774520b1d1aea61cccff57029d5\\hibernate-core-6.6.53.Final.jar;C:\\Users\\Admin\\.gradle\\caches\\modules-2\\files-2.1\\org.springframework\\spring-aspects\\6.2.19\\46fd86518ca130f01ecdf68922eef4997ab3feb1\\spring-aspects-6.2.19.jar;C:\\Users\\Admin\\.gradle\\caches\\modules-2\\files-2.1\\org.apache.tomcat.embed\\tomcat-embed-el\\10.1.55\\202f2de13bd61be720cf302f28d63eda558d29f3\\tomcat-embed-el-10.1.55.jar;C:\\Users\\Admin\\.gradle\\caches\\modules-2\\files-2.1\\org.hibernate.validator\\hibernate-validator\\8.0.3.Final\\4425f554297a1c5ba03a3f30e559a9fd91048cf8\\hibernate-validator-8.0.3.Final.jar;C:\\Users\\Admin\\.gradle\\caches\\modules-2\\files-2.1\\io.lettuce\\lettuce-core\\6.6.0.RELEASE\\8a9bb7a3291328f4a0156643dddd3f1194bd26f3\\lettuce-core-6.6.0.RELEASE.jar;C:\\Users\\Admin\\.gradle\\caches\\modules-2\\files-2.1\\org.springframework\\spring-messaging\\6.2.19\\930ad35c33e9e7047c144ec98990cd517f2d58ae\\spring-messaging-6.2.19.jar;C:\\Users\\Admin\\.gradle\\caches\\modules-2\\files-2.1\\org.springframework\\spring-orm\\6.2.19\\6030d84f0f99f95a852edee7b0e8612fdf2fa863\\spring-orm-6.2.19.jar;C:\\Users\\Admin\\.gradle\\caches\\modules-2\\files-2.1\\org.springframework\\spring-jdbc\\6.2.19\\d7b6ea705a71dbbb4499437dd54b9217ce6c251a\\spring-jdbc-6.2.19.jar;C:\\Users\\Admin\\.gradle\\caches\\modules-2\\files-2.1\\org.springframework\\spring-tx\\6.2.19\\aa1a170d935a3c39176d27a2353c34c2861b7dc\\spring-tx-6.2.19.jar;C:\\Users\\Admin\\.gradle\\caches\\modules-2\\files-2.1\\org.springframework.retry\\spring-retry\\2.0.13\\4cf3f0ec5decf3c510c5331401ee55de209b454e\\spring-retry-2.0.13.jar;C:\\Users\\Admin\\.gradle\\caches\\modules-2\\files-2.1\\org.apache.kafka\\kafka-clients\\3.9.2\\a06edbaa01458ed2e8cf1be69a18c2f231fda6e0\\kafka-clients-3.9.2.jar;C:\\Users\\Admin\\.gradle\\caches\\modules-2\\files-2.1\\io.micrometer\\micrometer-observation\\1.15.12\\1d96fcaec8d2516236dfcb9914108e14bfd02238\\micrometer-observation-1.15.12.jar;C:\\Users\\Admin\\.gradle\\caches\\modules-2\\files-2.1\\com.opencsv\\opencsv\\5.9\\284ea0b60a24b71a530100783185e7d547ab5339\\opencsv-5.9.jar;C:\\Users\\Admin\\.gradle\\caches\\modules-2\\files-2.1\\org.yaml\\snakeyaml\\2.4\\e0666b825b796f85521f02360e77f4c92c5a7a07\\snakeyaml-2.4.jar;C:\\Users\\Admin\\.gradle\\caches\\modules-2\\files-2.1\\javax.xml.bind\\jaxb-api\\2.3.1\\8531ad5ac454cc2deb9d4d32c40c4d7451939b5d\\jaxb-api-2.3.1.jar;C:\\Users\\Admin\\.gradle\\caches\\modules-2\\files-2.1\\org.apache.commons\\commons-collections4\\4.4\\62ebe7544cb7164d87e0637a2a6a2bdc981395e8\\commons-collections4-4.4.jar;C:\\Users\\Admin\\.gradle\\caches\\modules-2\\files-2.1\\org.apache.commons\\commons-text\\1.13.0\\ba2ed5521c491cabf7ecdb57f77922561c2e8958\\commons-text-1.13.0.jar;C:\\Users\\Admin\\.gradle\\caches\\modules-2\\files-2.1\\org.apache.commons\\commons-lang3\\3.17.0\\b17d2136f0460dcc0d2016ceefca8723bdf4ee70\\commons-lang3-3.17.0.jar;C:\\Users\\Admin\\.gradle\\caches\\modules-2\\files-2.1\\commons-io\\commons-io\\2.18.0\\44084ef756763795b31c578403dd028ff4a22950\\commons-io-2.18.0.jar;C:\\Users\\Admin\\.gradle\\caches\\modules-2\\files-2.1\\org.testcontainers\\jdbc\\1.21.4\\22a1ee9cce8dda6ac579981746a6c9d87288c4d9\\jdbc-1.21.4.jar;C:\\Users\\Admin\\.gradle\\caches\\modules-2\\files-2.1\\org.testcontainers\\database-commons\\1.21.4\\a296403734f19fdbec722cce719b190bb12bcc21\\database-commons-1.21.4.jar;C:\\Users\\Admin\\.gradle\\caches\\modules-2\\files-2.1\\org.testcontainers\\testcontainers\\1.21.4\\d61745358c9ecdb8a5a124ce40c972d56a93fd60\\testcontainers-1.21.4.jar;C:\\Users\\Admin\\.gradle\\caches\\modules-2\\files-2.1\\com.github.docker-java\\docker-java-api\\3.4.2\\90aef34aa23575de51923c83771fbe378b2eb4e5\\docker-java-api-3.4.2.jar;C:\\Users\\Admin\\.gradle\\caches\\modules-2\\files-2.1\\com.fasterxml.jackson.core\\jackson-annotations\\2.21\\b1bc1868bf02dc0bd6c7836257a036a331005309\\jackson-annotations-2.21.jar;C:\\Users\\Admin\\.gradle\\caches\\modules-2\\files-2.1\\com.jayway.jsonpath\\json-path\\2.9.0\\37fe2217f577b0b68b18e62c4d17a8858ecf9b69\\json-path-2.9.0.jar;C:\\Users\\Admin\\.gradle\\caches\\modules-2\\files-2.1\\org.springframework\\spring-oxm\\6.2.19\\3c5c64cae0e25cd262bb71214e8628348353d1\\spring-oxm-6.2.19.jar;C:\\Users\\Admin\\.gradle\\caches\\modules-2\\files-2.1\\org.glassfish.jaxb\\jaxb-runtime\\4.0.9\\500c199572538675d2819c938fbafe34935d8d6b\\jaxb-runtime-4.0.9.jar;C:\\Users\\Admin\\.gradle\\caches\\modules-2\\files-2.1\\org.glassfish.jaxb\\jaxb-core\\4.0.9\\3f32ec949d109d666fa30994223d1c25a47b105f\\jaxb-core-4.0.9.jar;C:\\Users\\Admin\\.gradle\\caches\\modules-2\\files-2.1\\jakarta.xml.bind\\jakarta.xml.bind-api\\4.0.5\\161811f36cad3c65991502e80317f2f6703361df\\jakarta.xml.bind-api-4.0.5.jar;C:\\Users\\Admin\\.gradle\\caches\\modules-2\\files-2.1\\net.minidev\\json-smart\\2.5.2\\95d166b18f95907be0f46cdb9e1c0695eed03387\\json-smart-2.5.2.jar;C:\\Users\\Admin\\.gradle\\caches\\modules-2\\files-2.1\\org.awaitility\\awaitility\\4.2.2\\7336242073ebf83fe034e42b46a403c5501b63c9\\awaitility-4.2.2.jar;C:\\Users\\Admin\\.gradle\\caches\\modules-2\\files-2.1\\junit\\junit\\4.13.2\\8ac9e16d933b6fb43bc7f576336b8f4d7eb5ba12\\junit-4.13.2.jar;C:\\Users\\Admin\\.gradle\\caches\\modules-2\\files-2.1\\org.hamcrest\\hamcrest-core\\3.0\\254f69f4b0ca22198acfc19fcdd5f96140431c3e\\hamcrest-core-3.0.jar;C:\\Users\\Admin\\.gradle\\caches\\modules-2\\files-2.1\\org.hamcrest\\hamcrest\\3.0\\8fd9b78a8e6a6510a078a9e30e9e86a6035cfaf7\\hamcrest-3.0.jar;C:\\Users\\Admin\\.gradle\\caches\\modules-2\\files-2.1\\org.mockito\\mockito-core\\5.17.0\\f5fe5a2f94eb65f4f83ca0607bfe13ec0d9c6f3b\\mockito-core-5.17.0.jar;C:\\Users\\Admin\\.gradle\\caches\\modules-2\\files-2.1\\org.skyscreamer\\jsonassert\\1.5.3\\aaa43e0823d2a0e106e8754d6a9c4ab24e05e9bc\\jsonassert-1.5.3.jar;C:\\Users\\Admin\\.gradle\\caches\\modules-2\\files-2.1\\org.springframework\\spring-test\\6.2.19\\e49cfc2dab98a634bdc3e24db8e021c5125d3ffd\\spring-test-6.2.19.jar;C:\\Users\\Admin\\.gradle\\caches\\modules-2\\files-2.1\\org.springframework.data\\spring-data-commons\\3.5.12\\9072db6ae68a3da86343769c9495afde229ef6d1\\spring-data-commons-3.5.12.jar;C:\\Users\\Admin\\.gradle\\caches\\modules-2\\files-2.1\\org.springframework\\spring-beans\\6.2.19\\6d6b4774db3b036df46be6332d93b09d70e5c147\\spring-beans-6.2.19.jar;C:\\Users\\Admin\\.gradle\\caches\\modules-2\\files-2.1\\org.springframework\\spring-expression\\6.2.19\\c7202d23797fa778c5ed55e502ac1a9f0d34012a\\spring-expression-6.2.19.jar;C:\\Users\\Admin\\.gradle\\caches\\modules-2\\files-2.1\\org.springframework\\spring-core\\6.2.19\\691459d4644894dae8e5c2d9550a4cfb8302f62f\\spring-core-6.2.19.jar;C:\\Users\\Admin\\.gradle\\caches\\modules-2\\files-2.1\\org.xmlunit\\xmlunit-core\\2.10.4\\eff1eddcdb52fdeaa7e28ca68301db49361d8bec\\xmlunit-core-2.10.4.jar;C:\\Users\\Admin\\.gradle\\caches\\modules-2\\files-2.1\\net.bytebuddy\\byte-buddy\\1.17.8\\af5735f63d00ca47a9375fae5c7471a36331c6ed\\byte-buddy-1.17.8.jar;C:\\Users\\Admin\\.gradle\\caches\\modules-2\\files-2.1\\org.springframework.boot\\spring-boot-starter-logging\\3.5.15\\82c0e91a8b0dda9f581476011527442688ff9dcc\\spring-boot-starter-logging-3.5.15.jar;C:\\Users\\Admin\\.gradle\\caches\\modules-2\\files-2.1\\jakarta.annotation\\jakarta.annotation-api\\2.1.1\\48b9bda22b091b1f48b13af03fe36db3be6e1ae3\\jakarta.annotation-api-2.1.1.jar;C:\\Users\\Admin\\.gradle\\caches\\modules-2\\files-2.1\\org.apache.tomcat.embed\\tomcat-embed-websocket\\10.1.55\\b07cf802e82f358903a07f70757a4bcbe4fece20\\tomcat-embed-websocket-10.1.55.jar;C:\\Users\\Admin\\.gradle\\caches\\modules-2\\files-2.1\\org.apache.tomcat.embed\\tomcat-embed-core\\10.1.55\\740c1000c60766b3a4d99903434fd1a1d67ec229\\tomcat-embed-core-10.1.55.jar;C:\\Users\\Admin\\.gradle\\caches\\modules-2\\files-2.1\\com.zaxxer\\HikariCP\\6.3.3\\7c5aec1e47a97ff40977e0193018865304ea9585\\HikariCP-6.3.3.jar;C:\\Users\\Admin\\.gradle\\caches\\modules-2\\files-2.1\\jakarta.persistence\\jakarta.persistence-api\\3.1.0\\66901fa1c373c6aff65c13791cc11da72060a8d6\\jakarta.persistence-api-3.1.0.jar;C:\\Users\\Admin\\.gradle\\caches\\modules-2\\files-2.1\\jakarta.transaction\\jakarta.transaction-api\\2.0.1\\51a520e3fae406abb84e2e1148e6746ce3f80a1a\\jakarta.transaction-api-2.0.1.jar;C:\\Users\\Admin\\.gradle\\caches\\modules-2\\files-2.1\\org.jboss.logging\\jboss-logging\\3.6.3.Final\\1cc9f976725720bb4a66f80af3e3aa6b9890d969\\jboss-logging-3.6.3.Final.jar;C:\\Users\\Admin\\.gradle\\caches\\modules-2\\files-2.1\\org.hibernate.common\\hibernate-commons-annotations\\7.0.3.Final\\e183c4be8bb41d12e9f19b374e00c34a0a85f439\\hibernate-commons-annotations-7.0.3.Final.jar;C:\\Users\\Admin\\.gradle\\caches\\modules-2\\files-2.1\\io.smallrye\\jandex\\3.2.0\\f17ad860f62a08487b9edabde608f8ac55c62fa7\\jandex-3.2.0.jar;C:\\Users\\Admin\\.gradle\\caches\\modules-2\\files-2.1\\com.fasterxml\\classmate\\1.7.3\\f61c7e7b81e9249b0f6a05914eff9d54fb09f4a0\\classmate-1.7.3.jar;C:\\Users\\Admin\\.gradle\\caches\\modules-2\\files-2.1\\jakarta.inject\\jakarta.inject-api\\2.0.1\\4c28afe1991a941d7702fe1362c365f0a8641d1e\\jakarta.inject-api-2.0.1.jar;C:\\Users\\Admin\\.gradle\\caches\\modules-2\\files-2.1\\org.antlr\\antlr4-runtime\\4.13.2\\fc3db6d844df652a3d5db31c87fa12757f13691d\\antlr4-runtime-4.13.2.jar;C:\\Users\\Admin\\.gradle\\caches\\modules-2\\files-2.1\\redis.clients.authentication\\redis-authx-core\\0.1.1-beta2\\4037345ff29fb22c737bab2ed116a34262718ae5\\redis-authx-core-0.1.1-beta2.jar;C:\\Users\\Admin\\.gradle\\caches\\modules-2\\files-2.1\\com.github.docker-java\\docker-java-transport-zerodep\\3.4.2\\784b535b8e294e699032abead0687b6773761e34\\docker-java-transport-zerodep-3.4.2.jar;C:\\Users\\Admin\\.gradle\\caches\\modules-2\\files-2.1\\ch.qos.logback\\logback-classic\\1.5.34\\e598899bad5824511cd3019299254230468e1fa2\\logback-classic-1.5.34.jar;C:\\Users\\Admin\\.gradle\\caches\\modules-2\\files-2.1\\org.apache.logging.log4j\\log4j-to-slf4j\\2.24.3\\da1143e2a2531ee1c2d90baa98eb50a28a39d5a7\\log4j-to-slf4j-2.24.3.jar;C:\\Users\\Admin\\.gradle\\caches\\modules-2\\files-2.1\\org.slf4j\\jul-to-slf4j\\2.0.18\\79739c98001d5c9d078d087d5a348ec9e474ec8f\\jul-to-slf4j-2.0.18.jar;C:\\Users\\Admin\\.gradle\\caches\\modules-2\\files-2.1\\org.slf4j\\slf4j-api\\2.0.18\\78a9e7a37cd6360e0b818e86341b24123d28d4df\\slf4j-api-2.0.18.jar;C:\\Users\\Admin\\.gradle\\caches\\modules-2\\files-2.1\\org.aspectj\\aspectjweaver\\1.9.25.1\\a713c790da4d794c7dfb542b550d4e44898d5e23\\aspectjweaver-1.9.25.1.jar;C:\\Users\\Admin\\.gradle\\caches\\modules-2\\files-2.1\\jakarta.validation\\jakarta.validation-api\\3.0.2\\92b6631659ba35ca09e44874d3eb936edfeee532\\jakarta.validation-api-3.0.2.jar;C:\\Users\\Admin\\.gradle\\caches\\modules-2\\files-2.1\\io.netty\\netty-handler\\4.1.135.Final\\567f8742a3d7a0a8be0401dada8fbdbaa7bf02b6\\netty-handler-4.1.135.Final.jar;C:\\Users\\Admin\\.gradle\\caches\\modules-2\\files-2.1\\io.netty\\netty-transport-native-unix-common\\4.1.135.Final\\9ceeb22325232e9998e3f0ae396e5e4cb462672f\\netty-transport-native-unix-common-4.1.135.Final.jar;C:\\Users\\Admin\\.gradle\\caches\\modules-2\\files-2.1\\io.netty\\netty-codec\\4.1.135.Final\\cf36e54dc81aa160a93780478727bdb3c3fa4600\\netty-codec-4.1.135.Final.jar;C:\\Users\\Admin\\.gradle\\caches\\modules-2\\files-2.1\\io.netty\\netty-transport\\4.1.135.Final\\cbc238f1f9707f3652252fdc48568cce0e9a01d9\\netty-transport-4.1.135.Final.jar;C:\\Users\\Admin\\.gradle\\caches\\modules-2\\files-2.1\\io.netty\\netty-resolver\\4.1.135.Final\\d43b00856050cfd4445a063d5816a4782ae422f9\\netty-resolver-4.1.135.Final.jar;C:\\Users\\Admin\\.gradle\\caches\\modules-2\\files-2.1\\io.netty\\netty-buffer\\4.1.135.Final\\6e60e222c27d3534e63e519fb1a9d66c485f62bd\\netty-buffer-4.1.135.Final.jar;C:\\Users\\Admin\\.gradle\\caches\\modules-2\\files-2.1\\io.netty\\netty-common\\4.1.135.Final\\3f1fd5004102cd1146a53d29127804569b63c90f\\netty-common-4.1.135.Final.jar;C:\\Users\\Admin\\.gradle\\caches\\modules-2\\files-2.1\\io.projectreactor\\reactor-core\\3.7.19\\4b4c09f49a6fa2fa122554453c2d71b5bf2077ef\\reactor-core-3.7.19.jar;C:\\Users\\Admin\\.gradle\\caches\\modules-2\\files-2.1\\com.github.luben\\zstd-jni\\1.5.6-4\\ba9e303e0b5e94cdd0017390d7d8c06f47fd61f7\\zstd-jni-1.5.6-4.jar;C:\\Users\\Admin\\.gradle\\caches\\modules-2\\files-2.1\\at.yawk.lz4\\lz4-java\\1.10.1\\f541d7f910fe3d76f38f799c507c48cc81b12ecb\\lz4-java-1.10.1.jar;C:\\Users\\Admin\\.gradle\\caches\\modules-2\\files-2.1\\org.xerial.snappy\\snappy-java\\1.1.10.5\\ac605269f3598506196e469f1fb0d7ed5c55059e\\snappy-java-1.1.10.5.jar;C:\\Users\\Admin\\.gradle\\caches\\modules-2\\files-2.1\\io.micrometer\\micrometer-commons\\1.15.12\\eb539638d48571fa6ce4ea3eb8417cab37a63438\\micrometer-commons-1.15.12.jar;C:\\Users\\Admin\\.gradle\\caches\\modules-2\\files-2.1\\org.eclipse.angus\\angus-activation\\2.0.3\\7f80607ea5014fef0b1779e6c33d63a88a45a563\\angus-activation-2.0.3.jar;C:\\Users\\Admin\\.gradle\\caches\\modules-2\\files-2.1\\jakarta.activation\\jakarta.activation-api\\2.1.4\\9e5c2a0d75dde71a0bedc4dbdbe47b78a5dc50f8\\jakarta.activation-api-2.1.4.jar;C:\\Users\\Admin\\.gradle\\caches\\modules-2\\files-2.1\\net.minidev\\accessors-smart\\2.5.2\\ce16fd235cfee48e67eda33e684423bba09f7d07\\accessors-smart-2.5.2.jar;C:\\Users\\Admin\\.gradle\\caches\\modules-2\\files-2.1\\net.bytebuddy\\byte-buddy-agent\\1.17.8\\f09415827a71be7ed621c7bd02550678f28bc81c\\byte-buddy-agent-1.17.8.jar;C:\\Users\\Admin\\.gradle\\caches\\modules-2\\files-2.1\\org.objenesis\\objenesis\\3.3\\1049c09f1de4331e8193e579448d0916d75b7631\\objenesis-3.3.jar;C:\\Users\\Admin\\.gradle\\caches\\modules-2\\files-2.1\\com.vaadin.external.google\\android-json\\0.0.20131108.vaadin1\\fa26d351fe62a6a17f5cda1287c1c6110dec413f\\android-json-0.0.20131108.vaadin1.jar;C:\\Users\\Admin\\.gradle\\caches\\modules-2\\files-2.1\\org.springframework\\spring-jcl\\6.2.19\\39b9c7d631961f3649511b08ef167420b086184b\\spring-jcl-6.2.19.jar;C:\\Users\\Admin\\.gradle\\caches\\modules-2\\files-2.1\\org.springframework.security\\spring-security-crypto\\6.5.11\\2cbc07fa7650ef2f49bcc5ac35e7666c79614f55\\spring-security-crypto-6.5.11.jar;C:\\Users\\Admin\\.gradle\\caches\\modules-2\\files-2.1\\org.apache.commons\\commons-compress\\1.24.0\\b4b1b5a3d9573b2970fddab236102c0a4d27d35e\\commons-compress-1.24.0.jar;C:\\Users\\Admin\\.gradle\\caches\\modules-2\\files-2.1\\org.rnorth.duct-tape\\duct-tape\\1.0.8\\92edc22a9ab2f3e17c9bf700aaee377d50e8b530\\duct-tape-1.0.8.jar;C:\\Users\\Admin\\.gradle\\caches\\modules-2\\files-2.1\\org.opentest4j\\opentest4j\\1.3.0\\152ea56b3a72f655d4fd677fc0ef2596c3dd5e6e\\opentest4j-1.3.0.jar;C:\\Users\\Admin\\.gradle\\caches\\modules-2\\files-2.1\\org.reactivestreams\\reactive-streams\\1.0.4\\3864a1320d97d7b045f729a326e1e077661f31b7\\reactive-streams-1.0.4.jar;C:\\Users\\Admin\\.gradle\\caches\\modules-2\\files-2.1\\org.ow2.asm\\asm\\9.7.1\\f0ed132a49244b042cd0e15702ab9f2ce3cc8436\\asm-9.7.1.jar;C:\\Users\\Admin\\.gradle\\caches\\modules-2\\files-2.1\\org.jetbrains\\annotations\\17.0.0\\8ceead41f4e71821919dbdb7a9847608f1a938cb\\annotations-17.0.0.jar;C:\\Users\\Admin\\.gradle\\caches\\modules-2\\files-2.1\\com.github.docker-java\\docker-java-transport\\3.4.2\\e70abb944ff1fe7c25fbcdecd31c732772a07a6e\\docker-java-transport-3.4.2.jar;C:\\Users\\Admin\\.gradle\\caches\\modules-2\\files-2.1\\net.java.dev.jna\\jna\\5.13.0\\1200e7ebeedbe0d10062093f32925a912020e747\\jna-5.13.0.jar;C:\\Users\\Admin\\.gradle\\caches\\modules-2\\files-2.1\\ch.qos.logback\\logback-core\\1.5.34\\378692f76c337b3325c15bffb89e013dc1f897b4\\logback-core-1.5.34.jar;C:\\Users\\Admin\\.gradle\\caches\\modules-2\\files-2.1\\org.apache.logging.log4j\\log4j-api\\2.24.3\\b02c125db8b6d295adf72ae6e71af5d83bce2370\\log4j-api-2.24.3.jar;C:\\Users\\Admin\\.gradle\\caches\\modules-2\\files-2.1\\org.glassfish.jaxb\\txw2\\4.0.9\\70325ebdebca3e7aae1dfa395fd41fc25d8a6f4e\\txw2-4.0.9.jar;C:\\Users\\Admin\\.gradle\\caches\\modules-2\\files-2.1\\com.sun.istack\\istack-commons-runtime\\4.1.2\\18ec117c85f3ba0ac65409136afa8e42bc74e739\\istack-commons-runtime-4.1.2.jar
Launcher Type: SUN_STANDARD

[Global flags]
     intx CICompilerCount                          = 4                                         {product} {ergonomic}
     uint ConcGCThreads                            = 3                                         {product} {ergonomic}
     uint G1ConcRefinementThreads                  = 10                                        {product} {ergonomic}
   size_t G1HeapRegionSize                         = 1048576                                   {product} {ergonomic}
    uintx GCDrainStackTargetSize                   = 64                                        {product} {ergonomic}
   size_t InitialHeapSize                          = 266338304                                 {product} {ergonomic}
   size_t MarkStackSize                            = 4194304                                   {product} {ergonomic}
   size_t MaxHeapSize                              = 536870912                                 {product} {command line}
   size_t MaxNewSize                               = 321912832                                 {product} {ergonomic}
   size_t MinHeapDeltaBytes                        = 1048576                                   {product} {ergonomic}
   size_t MinHeapSize                              = 8388608                                   {product} {ergonomic}
    uintx NonNMethodCodeHeapSize                   = 5839372                                {pd product} {ergonomic}
    uintx NonProfiledCodeHeapSize                  = 122909434                              {pd product} {ergonomic}
    uintx ProfiledCodeHeapSize                     = 122909434                              {pd product} {ergonomic}
    uintx ReservedCodeCacheSize                    = 251658240                              {pd product} {ergonomic}
     bool SegmentedCodeCache                       = true                                      {product} {ergonomic}
   size_t SoftMaxHeapSize                          = 536870912                              {manageable} {ergonomic}
     bool UseCompressedOops                        = true                           {product lp64_product} {ergonomic}
     bool UseG1GC                                  = true                                      {product} {ergonomic}
     bool UseLargePagesIndividualAllocation        = false                                  {pd product} {ergonomic}

Logging:
Log output configuration:
 #0: stdout all=warning uptime,level,tags foldmultilines=false
 #1: stderr all=off uptime,level,tags foldmultilines=false

Environment Variables:
JAVA_HOME=C:\Program Files\Java\jdk-21
PATH=C:\Program Files (x86)\Borland\Delphi7\Bin;C:\Program Files (x86)\Borland\Delphi7\Projects\Bpl\;C:\Windows\system32;C:\Windows;C:\Windows\System32\Wbem;C:\Windows\System32\WindowsPowerShell\v1.0\;C:\Windows\System32\OpenSSH\;C:\Program Files\Git\cmd;C:\Program Files\Java\jdk-21\bin;D:\maven\bin;D:\Android\Sdk\platform-tools;;C:\Program Files\Docker\Docker\resources\bin;C:\Users\Admin\AppData\Local\Microsoft\WindowsApps;C:\Users\Admin\AppData\Local\Google\Cloud SDK\google-cloud-sdk\bin
USERNAME=Admin
OS=Windows_NT
PROCESSOR_IDENTIFIER=Intel64 Family 6 Model 158 Stepping 10, GenuineIntel
TMP=C:\Users\Admin\AppData\Local\Temp
TEMP=C:\Users\Admin\AppData\Local\Temp




Periodic native trim disabled

---------------  S Y S T E M  ---------------

OS:
 Windows 10 , 64 bit Build 19041 (10.0.19041.5915)
OS uptime: 0 days 5:57 hours
Hyper-V role detected

CPU: total 12 (initial active 12) (6 cores per cpu, 2 threads per core) family 6 model 158 stepping 10 microcode 0xb4, cx8, cmov, fxsr, ht, mmx, 3dnowpref, sse, sse2, sse3, ssse3, sse4.1, sse4.2, popcnt, lzcnt, tsc, tscinvbit, avx, avx2, aes, erms, clmul, bmi1, bmi2, adx, fma, vzeroupper, clflush, clflushopt, hv, rdtscp, f16c
Processor Information for all 12 processors :
  Max Mhz: 2208, Current Mhz: 2208, Mhz Limit: 2208

Memory: 4k page, system-wide physical 16226M (1355M free)
TotalPageFile size 16226M (AvailPageFile size 5M)
current process WorkingSet (physical memory assigned to process): 117M, peak: 117M
current process commit charge ("private bytes"): 384M, peak: 384M

vm_info: Java HotSpot(TM) 64-Bit Server VM (21.0.9+7-LTS-338) for windows-amd64 JRE (21.0.9+7-LTS-338), built on 2025-09-26T06:33:49Z by "mach5run" with MS VC++ 17.6 (VS2022)

END.
